respid,neighbor_kor,vote_kor,hire_kor
17,한국에 적응,한국에 적응,연륜
18,직업적으로 좋아 보여서,직업적으로 더 안정돼 보여서,직업도 있고 해서
19,"체류기간, 한국인 동료",체류기간,한국 체류기간이 길어서
20,연령이 적합해서,아는 지인이 먆아서,자녀가 있고 체류기가도 있어서
21,아이가 없으면 일하는데 지장이 없을것같아서,체류기간이 상대적으로 적은사람에게 이웃이 되어주고 싶어서,정치를 하려면 기본적으로 어느정도 연령이 되어야할것같아서
22,탈북한지 충분히 오래되었음,탈북민과 교류,나이가 젊음
23,안정적,안정적,안정적일거 같아서
24,북한체류도 길고 고생해 온것 같아 도움을 주고 싶을거 같다,젊은 사람을 선호할거 같다,조선노동당원이 아니여서
26,젊은 나이,동료가 많음,한국인 동료
27,생할이 안정되고 남한에대한 이해가 되었다고 생각합니다.,생할이 안정되고 삶에대한 민주의 우수성이해,정서안정되고 남한에 대한 이해가높음
28,현재 직업이 있음.,중국과 한국의 체류 기간이 길고 현재 직업도 있음.,북한 이탈 후 중국 체류 기간과 한국 내 체류 기간이 오래 되었으며 현재 직업도 가지고 있음.
29,남성.전문직.정착원만,남성.신뢰,신뢰
31,한국 체류기간이 길어서,나이가어려서,중국거주기간이 짧아서
32,한국사회 적응잘함,한국적응 길다,한국의 문화 잘적응
33,오래 체류한 사람이 일하기 편하다,한국동료가 잘함께 일할수 있을것 같다,7년동안 체류했기때문에 한국정성을 알고 있기때문이다
34,젊은여성이고 빨리 배울수있을것같다 뭐든지,여자니까,나이도 성인이며 결혼했으니 기본적인 책임감이 있을것이다
35,안정적,안정적,안정적
36,연령을 고려하였음,B는 너무 어림,직업을 고려하였음
37,중국에 오래있지 않아서,컴퓨터를 잘 다룰꺼 같아서,잘 모르기때문에
38,편의점직원,친근감,필요성
39,중국체류 기간도 짧고 연령대도 젊습니다.,무엇보다 한국내 체류기간이 많기에 친밀도가 높다고 생각합니다.,결혼을 하였고 직장의 안전성도 더 신 뢰가 갑니다.
40,나이도 상대적으로 어리고 한국내체류기간도 상당히됨.,의사라서,한국내 체류기간이 상대적으로 더 길어서
41,나이가 있어서 책임감이 더 있을듯하다,노동당이 아니라서,탈북후 시간이 더 지났고 자녀가있어서 책임감이 있을거같다
42,연령이 높아서,사무직이어서,연령을 보았슴
45,프로그래머라,딱히 없음,관심없음
46,그냥,그냥,더 나은것 같아서
47,컴퓨터 프로그래머라는 직업,직업과 한국 체류 기간,직업과 학교 체류 기간
48,경력,체류기간,직업확실 한국인동료있음
49,탈북X,무난,무난함
50,굳이 둘중에 고르라하니까,오랜 거주기간으로 한국의 문화가 습득되었을거 같다.,한국내 체류기간이 있어 어느 정도 적응이 되었을 것이므로
51,여성이고 직업이 있어서,직업이 있어서,여성이고 직업이 의사라서
52,직업이있어서,젊기때문에,직업이있어서
53,취업 기회를 주고 싶다,친구 관계가 좋을 것 같음,취직 기회를 주고 싶다
54,연령이 어려서,연령이 있어서 대화가 통할 것 같아서,한국인과 탈북민 동료가 있어서
56,무직이므로,이혼의 아품이 있어서,중국에 오래있으며 고생함
57,이유없음,이유없음,딱히없음
58,조선노동당원이 아니었음,나이가 젊음,중국체류기간이 적음
59,젊은 패기가 있고 60대 보다는 일처리 능력이 더 있기때문,연령대가 비슷하므로,타국에서 문제없이 12년을 견뎌낼 수 있는 파워가 있으므로
60,체류기간 김,체류기간 김,그래도 적응을 잘 했을거 같아서
61,젊은 사람의 사회 공헌기간이 길다,프로그래머의 사회공헌도가 높다,편의점직원보다 프로그래머의 사회공헌도가 높다
62,직업과 잘맞아서,여성우대,한국에 더 오래있었으며 여성우대
63,없음,없음,없음
66,젊은 마인드를 가졌을 것이다,미혼이어서,우리나라 문화를 오래 접하였다.
68,한국인 동료만 있는사람이 편하다,고민끝에 내린 결론이다.,북한이 때에 따라 탈북민을 이용할 수 있어서
70,직업이 조금더 능력이좋다,직업이 더 능력이 좋은직업이다,한국내 채류기간이 더길다
72,없음,없음,없음
73,둘다 비슷하나 굳이 한 명을 고르라 해서,여성이라서,전문적인 일을 가지고 있어서
74,적응기간이 길어서,전문성이 있어서,적응도가 높을것 같아서
75,직업이 의사니깐  성실하게 열심히 살았다는생각  그리고 어려서,나이가 어리다  그리고  탈북한지 12년되어서  벌서 적응이 되어서,직업이 있다는것 때문에
76,젊고 직업이 있다,가정 있음,한국체류기간 길고 직업이 있음
77,한국에 더 오래 체류해서,지인이 더 많아서,직어이 확실함
78,젊은 사람이 일시키기 편하다,중국에 몇년 있어서,나이가 좀 있어서
79,젊음,젊음,젊고 전문직기술
80,쳐류기간,인맥관계,체류기간
81,노동당은 싫다,의사가 낫다,그나마 낫고 나이도 있다
82,나이가 어려서,직업이 확실해서,나이가 어려서
83,저렴한 월급을 지불할수 있기 때문에,진실성과 성실성이 양호한 나이라서,기본 교육을 수료하였기 때문에
84,활용도가 있다,전문직,자녀가있다
85,젊고 지식 수준을 감안하여,직업적으로 안정이 되고 지식 수준이 있음,남성이 결단력있게 잘 할 것 같습니다.
86,젊은 나이에 따른 가능성,경험에 따른 주변인과의 어울림,젊은 나이
87,"결혼, 한국체류기간이 굿",여자라서,정치에 B보다 잘 알것같음
88,자녀의유무여부,무한한 가능성,젊어서
89,결혼을 해서,나이가 들어서,자녀가 있어서
90,현재 직업이 있어서,B는 한국에 온지 12년이나 되었는데도 한국인과 전혀 의미있는 인간관계를 맺지 않고 있다.,"최근에 도착했지만 한국인 동료가 있으므로 한국 사회에서 어울려 살아가기 쉽고, 고급인력이라서 한국 사회에 도움이 될 것이다"
91,아직 젊기 때문,한국에 산지도 좀더 되고 한국인 친구가 있기 때문,자녀를 키우고 있기 때문
92,.,.,이유없음
93,무직인 사람보다는 낫다고 생각한다,ㅇ던시시,B같은 경우에는 한국에 7년을 있었으나 주변의 인관관계중 한국인이 적어서
94,컴퓨터를 잘활용할것 같으므로,상대방보다 한국에서 훨씬 적응을 잘하는 것 같다,a는 한국인 동료가 없어 살짝 불안하다
95,인맥,의사라서,나이가 있고 한국 체류기간이 길어서
96,현재 직업이 컴퓨터 프로그래머라는 점.,직업,연령
97,젊다,"명확한 직업이 있다,","조선노동당과 관련이 없기에 정치적 지위를 담당하더라도 큰 우려가 없으며 한국에서 충분한 기간 체류하였기 때문에, 한국에 대한 충분한 이해도 역시 갖추고 있다고 생각된다."
98,컴퓨터 프로그래머라서,의사여서,그냥 a는 미혼인데 자녀가 있어서
99,젊어서,의사라서,의사라서
101,중국 체류기간 짧음,자녀가 있으므로 좀더 친절할것같아서,둘 다 싫은데 하나를 뽑으래서 랜덤으로 뽑았다.
102,자녀가 있다면 책임감이 강할 것 같아서,중국 체류기간 짧음,노동당원 경력 무
103,젊어서 기존 가치관의 변화가 쉬우리라 예상된다.,특별한 이유 없다,자녀가 있어서
104,노동당원이 아니었다,체류기간이 길어서 한국 사회 분위기에 잘 적응했을 것이다.,노동당원 아니다. 젊다. 한국인 동료가 있다. 한국 내 체류기간이 길다.
105,중국체류기간이 적음,직업이 안정적,중국체류기간이 짧다
106,조금 더 호감이 간다,한국 내 체류기간이 길어서,더 안정적이다
107,전노동당원이 아니고 한국인 동료도 있어서,조금 더 신뢰가 간다,조금 더 호감이 간다
108,조금이라도 고등 교육을 받은 사람이 필요하다,전 노동당원이 아니라서,저 노동당원이 아니고 한국인 동료가 있어서
109,연령이 더 높으므로 안정적,둘 다 똑같다,둘 다 선호하지 않는다 그나마 조금이라도 덜 꺼려 진다
110,의사라서,노동당 당원 여부,중국 체류 짧음
111,젊음,가정이 있어서,한국인 동료가 있어서
112,업무적으로 필요하다,한국체류기간,직장
113,남성은 정년의 나이라서,우리는 의사가 필요하다,한국에 7년 살아서 한국 사정을 조금 안다
114,중국체류기간이 짦아야 중국영향을 덜 받는다,결혼 후 무직,자녀가 있고 직업이 안정적
115,어림,프로그래머가 더 활용하기 좋아서,중국의 영향을 덜 받은 사람이 좋다
116,한국인 동료도 있어서,여성이라서,한국인동료가있음
117,무직보단 직업이 있는게 낫다,한국 체류 기간이 더 길어서,한국 체류 기간이 더 오래되어서
118,더 합리적이서,나이가 어리기에발전 가능성이 있다.,믿을만한 직업이 있다
120,찍었음,더 구체적이다,더 진보적이다
121,그냥,.,그냥 찍었음.
122,무자녀,그냥,한국 체류기간이 길어서
123,얺음,연령,결혼
124,둘 다 선택하고 싶지 않다,얺음,선택 하고 싶지 않음
125,ㅂㄴ,한국에 보다 잘 정착함,한국에 보다 잘 정착한 것 같다
126,한국에 오래 거주해서,그냥,그냥
127,직업이 의사이며 한국체류기간이 긴 편,특별히 없음,특별히 없음
128,한국 사회에 적응할 수 있게 사회성을 키워주어야 한다.,나이도 어린 편이라서,체류기간이 길고 한국인 동료만 있어서
129,전 노동당원이 아님,"한국인 동료만 있다는 것은 한국 사회에 어느 정도 적응이 되었다는 것으로, 한국사람과 다름없다고 보인다.",빠른 상황 판단을 위한 지적 능력을 갖추고 있다.
130,한국에 오래 체류했다,한국 체류기간이 김,복잡한 사람보다 평범한 사람이 낫다고 판단함
131,고르기 힘들었지만 굳이 고르라고 한다면 이분,한국에 오래 체류햇다,한국에서 오래 체류했다
132,한국에 오래 머물렀고 똑똑해 보인다.,고르기 어렵지만 굳이 두분중에 고르라고 한다면 이분,비슷해서 고르기가 힘들었지만 그나마 낫다
133,없다,한국 체류기간이 더 길다.,전 조선노동당원이 아니라서
134,사무직 일을 하고 있어서,없다,다양한 의견 제시
136,젊은나이,한국인 친구만 있어서,특정한 직업이 있어서
137,"탈북민을 너무 많이 알고 있고, 중국체류기간이 길다",미혼,직업적 윤리
138,한국 생활 적응력이 높다,노동당원이 아님,중국체류기간이 짧아서
139,한국인 동료가 있어,프로그래머라서,발전할 가능성이 높다
141,유망한 직업,더 열려있을 듯,한국 체류 기간이 김
142,나이로 봐서,직업적 연관성,직업이 확실함
143,전문적인 직업을 가지고 있고 체류기간은 동일해서,둘중 나이로봐서,둘중 나이가 더 많아서
145,사교성,"전문적인 직업을 가진 사람이라는 점, 한국체류기간은 같은 점에서 더 낫다고 생각함",한국에 오래 거주했고 한국인 동료들만 있다고 하니 우리나라에 적응이 더 많이 됐을거라 생각해새ㅓ
146,전문성이 있다,한국거주기간,연령
147,사회성이 있을것 같음,한국 체류기간이 긴편,사무직은 인맥이 다양한 것이 좋다
148,긍정검토,한국내 체류기간이 김,안정적
149,상대적으로 젊고 당원이 아니었음,기타,목적의식
150,연령,연령대가 비슷,전문적 직업
151,한국인 동료도 있고 자기 기술을 보유,낮은 연령,한국사회적응기간
152,노동당원이 아니라서,한국내 체류기간이 길어서,전 조선노동당원이 아니고 한국내 체류기간이 길어서 어느 정도 한국사회에 대해서 잘 안다는 생각이 듬
153,한국 체류기간이 더 길고 젊다,전 노동당원이 아니라서,북한에서 거주한 기간이 상대적으로 적어서
156,연령 및 한국 내 체류 기간,전문직이어서,한국 체류기간이 더 길어서
157,나이가 더 많으니까 사회 경험이 더 많을 듯해서,혼인관계,두 사람 모두에게 투표를 하고 싶지 않으나 꼭 투표를 해야한다면 한국 내 체류기간이 긴 A에게
159,그냥,성별이 같고 나이대가 있어서 얘기가 잘 통할 듯,노동당원이 아니어서 덜 위협적일 듯함
160,직업 경력,그냥,그냥
162,한국 내 체류기간이 더 길어서,한국체류기간이 김,한국에 대한 적응기간이 되고 젊음
164,둘다 싫다,같은 여자라서,한국 내 체류기간이 길어서
165,비슷한 조건이지만 더 젊음,이슬람교이기때문에,남자라서
166,상대적으로 나이가 어려서 조직문화에 잘 어우러질 것 같다,젊고 직업이 안정적임,젊고 괜찮은 직업이 있음
167,언제부터 일한지모르나 미성년자보단 업무이해도가 높을듯해서,나이대가 비슷해서,나이가 어려서 한국사회에서 잘 적응할 것 같다. 하지만 설문이 한 명을 선택해야 해서 선택한 것이지 선호도의 편차 크지 않음. 인간으로서 동등하다 생각함
168,일을하고 있고 한국 내 체류기간이 길어서,조금더 나아보여서,둘중 그나마 나아서
169,조선노동당원 이력이 없어서,한국 내 체류기간이 길고 한국동료도 있어서,한구내 체류기간이 길고 기혼에 한국인 동료도 있어서
171,별다른 이유 없음,의사 직업을 갖고 있어서,조선노동당원 이력이 없어서
172,젊은 나이,별다른 이유 없음,별다른 이유는 없음
173,사교성,가족이 있는 상황,국내 체류 기간
174,한국체류기간 보고 정함,더 긴 체류기간,사교성이 좋아서
175,그냥,한국체류기간,A는 한국 내 체류기간이 짧아서
177,한국 체류기간이 길어서,딱히 없음,둘다 싫은데 의사라서
178,같이 일할 사람으로는 젊은 사람이 좋다,A의 경우 노동당원 등 북한에서 더 안락한 생활을 했을것,더 일반적이누삶의형태를 살고있음
179,ㅇ,어려서 중국에서 교육을 받은 사람은 믿을 수 없다,북한 체제에서 오래산 남성이 우리나라 행정을 잘 모를 것 같다. 그래서 반대급부로 여성을 선택한 것이다.
180,딱히 없음,ㅇ,ㅇ
181,프로필 B는 너무 젊음,딱히 없음 그냥 끌리는 사람,"한국에 온지 오래되었고, 직업도 믿을만 해서"
182,전 조선노동당원이었다는 이력과 인간관계가 신경쓰인다.,노동당원으로 활동한 이력이 없어서,탈북민 동료만 있다는게 매우 의심이감
184,체류기간이 길다,한국 사회에 어울러 살아갈 수 있다고 생각해서,전 조선노동당원인 사실이 신경쓰인다.
185,사무직 직업 경력이 있기때문,컴퓨터 프로그래머 인점,체류기간은 길고 상대적으로 나이가 적다
186,해당 없음,직업이 의사이기때문,한국내 체류기간이 길기때문
187,12년간 한국생활을 했으니 자본주의 체제에 익숙할 것으로 추정한다.,해당 없음,특별한 이유가 없어요
188,여자쪽이 직업이 사무직이 때문이다.,"인적교류의 폭이 상대적으로 넓고, 아이를 한국에서 키워서 이웃간 교류도 익숙할 것으로 추정한다.","3년간 다른 체제에서 거주한 경험이 있고, 아이도 있다."
189,가장 무난해서,한국 체류기간이 조금 더 길어서 의사소통이 잘 될 것같다.,한국내 체류기간이 남성보다 더 많기 때문에 사회를 그나마 잘 알지 않을까 싶어서
190,젊어서,가장 적합해서,무난한 프로필이라서
192,한국회사에서의 경험,젊어서,"한국 내 체류기간이 오래이고, 젊어서"
193,한국 체류 기간,사회경험의 중요성 및  인간관계개선노력,한국사회경험
194,한국내 체류기간,나이,한국 체류 기간
195,그나마 나아보여서,한국체류기간,이력이 더 신뢰됨
196,한국인인 동료만있어서,직업이 도움이 될수도 있어서,더 오래 체류해서 더 상황을 아니까
197,국내 체류기간 감안,한국인인동료만있어서,한국인의 지인만있어서
198,전문 직업이 있어서,국내 체류기간 감안,국내체류기간 감안
199,한국내 체류 기간이 길어서,비는 직업이 없어서,좀 더 진보적일거 같다
200,전 노동당원이 아님. 6세부터 북한을 벗어남,나이가 들어서,노동당원이 아니라서
201,훨씬 대중적이다,보다 어린 나이에 북한을 떠남.,한국인 동료가 있음
202,한국내 체류기간이 길어서,중립적일것같다,매력적인
203,"한국내 체류기간,직업",한국내 체류기간이 더 길고 중국내 체류기간이 짧아서,젊으며 노동당원도 아니고 직업이 있어서
206,"노동당원이 아님에도, 북한에서 의사로 근무했었다는 점.",전문직이다,"종교,한국체류기간"
207,어,한국인 지인들이 있다는 점,"국내거주 10년이상, 한국인 동료들도 있고, 미혼이라는 점"
208,그냥,어,이
209,나이가 젊음,그냥,그냥
210,나이가 젊고 현재 무직 상태이기 때문에,남성이라서,나이가 적정해서
212,중국 체류 기간이 길고 탈북민들끼리 지내는 사람은 인간적으로 한국에 동화되지 않았을 확률이 매우 높음,젊고 인맥이 넓어서,한국 체류기간이 10년 이상이므로
214,자녀도 있고 컴퓨터프로그래머라 책임감과 전문성이 우수할거 같음,18에 12년 체류기간이면 탈북민의 성향을 띄지 않을 것,18세 이혼은 좀...
215,연령,국내 적응에 도움 주고 싶은,한국내 상황을 어느정도 이해하는 상태
217,둘 중에 고르라고 하면 조금 더 나은것 같아서,연령,시민
218,한국 내 체류 기간,그냥 둘중에 보면 조금 더 나은것 같아서,조금 더 젊고 전 북한의 노동당원이 아니어서 조금 더 넓은 시야와 생각을 가지고 있을것같다
220,느드즈으느스,한국 내 체류 기간,결혼으로 신원이 안정
222,당원 출신이 아니어서,느드스드즈,으느드즈스
223,주변환경,둘다 별로지만 그나마...,좀 더 나아보여서
224,한국체류 기간이 더김,친한 지인 유무,우리나라 오래 거주
226,탈북민,직업,나이가 더많고  한국내체류기간이 더길다
227,신뢰감,중국 체류기간,중국 체류기간
228,자녀가없어서,신뢰감,신뢰감
229,직업이 화실함,한국체류기간김,한국 체류 기간 김
231,그냥,직업이 확실하다,의사이니까 환경은 좋음
233,더 전문적인 기술을 가진 인력이다.,그냥ㄴ,그냥
234,여성이 싫다,한국내 체류기간이 더 길어 적응이 쉬울 것 같다.,한국 체류기간이 상대적으로 길다.
235,직업이 좋음,지식인의 오류,여성이 싫다
237,국내 체류 기간이 오래됨,연령이 어리다,한국체류기간이 길다
238,의사여서,한국 체류 기간이 오래됨,조선노동당원 활동기록이 없음
239,가성비좋은 나이,젊은이여서,여자여서
240,특별히 이유 없습니다,중국체류기간이적고 무교,어릴때부터 한국에서더오래살았다
241,북한이탈기간,그냥 이유없습니다,그냥 느낌이 그렇습니다.
242,이제 들어온 사람을 믿지 못함,나이와 한국체류기간,한국체류기간이 길어서
243,나이와 체류기간,한국 내 체류기간 높음,한국체류기간이 많기 때문에
244,아직 일 할 수 있는 나이네요,기독교 직업 기간,직업적으로 우수하고 체류기간도 많다
246,동화한 사람으로 판단한다,이웃은 2명중 B입니다.,그냥 둘중 1명 선택
247,연령이 낮아서,7년 체류기간이면 거의 한국인,경험을 무시할 수 없다
250,직업이 있고 다양한 삶에 경험이 풍부하므로,한국내 체류 기간이 길어 한국에 대해 조금은 알것이다,직업이 있으며 한국인 탈북민 동료가 있어서
252,사무직으로 일한 능력이 있을거니까,직업이 있으며 심리적으로 안정되어 있습니다,안전적인 삶을 살고 있기때문에 신뢰가 더 갑니다
253,한국인 동료가있어서 잘 어울릴수있을것같아서,한국의 문화를 잘 배웠을 것같음,인간관계에서 한국인친구와 북한친구가 있어서 정착하는데 있어서 문제가 없어보이고 한국의 문화를 잘 배웠을 것 같아서
254,조선당원이었던게 걸리지만 B는 최근에 왔기때문에 한국문화에 적응기가 필요할것같아서,한국체류기간이 길어서 이질감이 덜 생길거같다,조선노동당이 아니었어서
255,탈북민동료 없음,B의 나이 및 중국 체류기간 간첩생각을 해야함,"노동당원,중국체류기간 한국기간도 더 길다"
256,한국 체류기간이 길어서,탈북민 동료,탈북민동료 없음
257,한국 내 체류기간,직업도 있고 한국 체류기간도 길어서,체류기간이 길어서
258,자녀가 있는 가정에 충실하다면 회사에서도 충실할 것 같아서,한국체류기간,살아온 연륜
259,직업,한국에 체류한 기간도 길고 한국인 동료만 있으므로 북한과의 연관성은 하나도 없는 것 같다,탈북민 동료없이 한국인 동료만으로 한국에서 12년동안 살아왔다면 한국에 적응하기 위해 많은 노력을 했을 것 같다
260,경험이 많을 것 같다,직업,나이 및 현재직업
261,직업,이웃으로 지내고 싶어서,인생 경험이 많을 것 같다.
262,더 괜찮을 것 같아서,종교,체류기간
263,동일,더 괜찮을 것 같아서,더 괜찮을 것 같아서
264,한국인동료들이 있어서,동일,"연령, 한국체류기간, 동료, 중국체류기간 등"
265,의사라는 직업,나이,체류기간이 더 길어서
266,한국 체류기간이 길고 직업이 있어 안정적이므로,여성이여서,노동당원이 아니여서
267,a가 더 나은거 같아서,한국 체류기간이 길고 나이가 있는 여성이라서,자녀가 있으므로 어느 정도는 신뢰할 수 있어서
268,현재직업이 있으므로,a가 더 나아서,a쪽이 더 낫다고 생각이 들어서
270,체류기간,자녀가없기때문에,컴퓨터프로그래머의 능력인정
271,결혼해서 가정이 안정적일 것 같음,인맥,체류기간
273,인간관계,중국 체류기간 짧음,노동당원 아님. 중국 체류기간 짧음
274,한국사회에 적응하고 있으므로,조선노동당당원,밝은미래
275,때가 묻지 않을 것 같아요,한국에 도착한지가 3년이 지나서,아무래도 더 믿음이 가서
276,연령이 적절,젊고 싹싹할 느낌,젊음
277,한국 내 체류기간이 더 길다,노동당원이 아님,노동당원이 아님
278,무난함,한국내 체류기간이 더 길다,한국내 체류기간이 더 길다
281,가정적이라서 업무도 잘할걸로 판단됨,무난함,무난함
282,젊은 남성으로 업무를 열정적으로 수행 할 수 있기 때문에,프로필로 봤을때 신뢰가 생긴다,안정적인 가정생활과 인간관계
283,한국내 체류기간이 길고 미혼이다,결혼한 젊은 남성으로 책임감이 강하기 때문에,프로필 B에 비해서 연령이 높기 때문에
284,평화,젊고 체류기간과 미혼이다,한국내 체류기간이 길고 직업이 사회에 적응하기가 좋다
285,it인력이 부족해서,평화,평화
286,한국 체류기간이 북한 체류기간 대비 더 길었고 나이가 어려 한국 문화에 대한 이해가 좋을것 같음,자녀에 대한 양육의지가 강해서 책임감 있어보인다,직업적으로 안정되고 나이가 있어 책임감 있어보임
287,한국 및 탈북민 지인이 있다는 것은 사회생활에 더 무리없이 어울린다는 뜻인듯,다양한 인간관계 형성이 좋아보임,한국내 인맥형성 및 체류기간으로 문화이해가 앞서있는듯 보이고 노동당원이 아니어서 정치적 사상에 다소 회의적일것 같음
288,도긴개긴이다 그냥 골랐다,"자녀가 있고, 한국과 탈북민 모두에 지인이 있어 사회관계가 원만할 것 같다.","한국체류기간이 길어 한국에 대해 잘 알 것이고, 기혼이고 자녀가 있기에 더 책임감이 있을 것 같다."
289,조금 더 젊어서,도긴개긴이라구욧,사실 도긴개긴이다
290,사무직 이력이 있으므로,의사이기 때문에 긴급 상황 발생 시 도움을 얻을 수 있을 것 같아서,한국 내 체류기간이 길어서
292,직업,선호도 차이 없음,둘다 선호하지 않음
293,인간관계,결혼,현재 직업이 있음
294,?,인간관계,인간 관계
295,이혼 자녀를 돌보아야 함,?,?
296,한국 내 체류기간이 길어서,여성이고 결혼,뚜렷한 이유 없음
297,여자라서 덜 위협적,한국 내 체류기간이 길어서 한국 문화에 더 적응했을 거라고 생각한다,한국 내 체류 기간이 길고 조선노동당원이 아니었기에
298,그냥,딱히,여자가 덜 위협적
299,사실둘다 원하지않음.,그냥,그냥
300,결혼을했고 어느정도 나이도있다,둘다별로선택하고싶지않았음,없음 사실 둘다에게 투표하고 싶지 않음.
301,연령대,체류기산이 길어 한국을 조금더 이해하고 적응할것 같다,한국내 체류기간이 더 길어서
302,가정이 있어서,연령,연령대
303,경력이 있다,중년의 가정있는 여성으로 탈북민 한국인 모두와 교류가 가능하므로,결혼했고 안정적인 가정을 유지하려는 성향이 강할것임
305,한국 내 체류기간이 길어 한국 문화를 잘 이해할 것 같아서,그나마 낫다,어느정도 나이가 있다
306,나이도 아직어리고 직업도 괜찮기때문에,결혼을 해서,연륜이 있을 것 같아서
307,중국체류기간이 짧아서,나이가 어려서 친근하게 다가갈수있을거같다,아무래도 연령이 낮으니까 선택했다
308,자격 및 교육수준,한국내 체류기간이 조금더 길어서,나이가 젊어서
309,컴퓨터프로그래머,인간관계  및 적극성,젊음
310,연령이 낮아서,나이,여성이며 젊어서
311,한국인 동료의 도움으로 한국에 쉽게 적응할것 같음,체류 기간이 더 길어서,연령이 낮아서
313,바로 근무할 수 있을 것 같아서,전 노동당원이 아니기 때문,중국체류기간이 적어서
314,아무래도 남자다보니,의사로 도움될 수 있을 것 같아서,한국내 체류기간이 길음
315,남성보다는 여성 선호,지식이 좀 있을 것 같다,의사라는것이 아무래도 지식이 좀 있을 것 같다
316,직업,이슬람교 불호,한국 내 체류기간이 길고 전 조선노동당원을 하지않았다
317,한국체류기간,비슷하다,친근하다
318,사회적 경험,한국 체류기간,성인
319,18살 남성이 기혼에 자식이 있다는 것이 별로.,한국인과의 소통,사회적 경험
320,인간 관계,별다른 이유 없음,b는 연령이 좀 어리고 노동당 출신이라..
322,결한까지해서 정착하고 살고있는듯해서,한국 내 체류 기간,한국 내 체류 기간
323,동료가 있어야한다 서로 의지하게,더 안정적으로보임,그냥 나이도어리고 편의점서 일도하고있고 노력하는모습에
324,일한경험이 있어서,의사니까,남성이라서
325,한국인 및 탈북민 동료가 모두 있어서,체류기간이 상대적으로 길어서,a 나이가 어림
326,조금 더 전문직에 가까워서,노동당원이 아니었던 사람이라서,현재 직업을 가지고 있어서
327,사회경험이 더 많으므로,직업이 있어서,직업이 있어서
328,현재 무직으로 이 사람의 능력이나 개인의 성향파악이 어려워 보임,소통이 잘 될거 같아서,국내사정을 더 잘 알므로
329,"한국내 체류기간이 길어서 한국문화를 잘 알것이다,",B보다 연령이 낮아 대화가 잘 통활 것 같음,한국내 체류기간의 확보로 문화 이해도나 적응등 한국의 전반적 상황을 이해하고 행동할 수 있어보임
330,a가 직업 안정적이여서,한국내 체류기간이 오래 되어서,연령이 어리고 한국내 체류기간이 있어서
332,한국 내 체류 기간이 길어 문화나 풍토에 어느 정도 적응되어있기에 일을 잘 배울 듯 하여서 이다.,안정적은 직업,a가 괜찮은거 같아서
333,조선노동당원이 아니여서,한국 체류기간이 길어서 대화가 통할 것 같아서이다.,한국인 동료가 있어서 한국의 정세를 잘 알 듯 한 느낌이 든다.
334,나이가 적어서,"자녀가 있고, 연령대가 높아서","둘 다 별로지만, B보다는 나이가 많고,여성이여서"
336,둘다 별로지만 연령을 보고,직업이 의사라서,한국인 동료와 직업이 있어서 정서적으로 안정적일것 같음
338,연령 때문에,둘다 마음에 안듬,노동당원 부분을 보고
339,경력이 있기 때문,연령 땜에,결혼해서
340,직업,자녀가 없어서 덜 시끄러울 것 같음,b는 중국 체류기간이 길어 친중국성향이 강할 것 같음
341,딱히없음,직업 안정성,직업
342,경험과 나이,딱히 없습니다.,딱히없음
343,둘다 거의 동일한 조건으로 판단되어 직업이 더 뚜렷한 사람을 채용,적극적삶,직업이있안정되고 연륜이있음
344,더나아보인다,"동일한 조건에서 중국체류를 오래했으므로,조금 더 개방적일 것으로 판단됨",조선노동당에 조금만 있던 사람을 선호함
345,프로그래밍을 잘해서,더 나아보인다.,제일나아보인다
346,한국내 체류기간이 더 길어서,........,능력이 더 좋아보여서이다
347,직업이 있다,최근 도착했지만 한국인과 탈북민 동료가 있으므로 원만한 관계를 가질 수 있을 것 같다.,한국내 체류기간으로 한국에 대한 이해도가 높을 것으로 보았습니다.
349,체류기간이 길어서 업무를 더 잘할거 같음,나이가 많다,나이가 많다
350,둘다 싫은데 하나 골라야 해서,나이가 어려서,사무직 직원이 필요할거 같다
352,나이가 젊고 한국 체류기간도 길어서,그냥,직업
353,둘 다 별로임,자녀도있어서 책임감이 강하게 느껴짐,한국 체류기간이 더 길어서 선택
354,현재 직업상태를 고려 경력자가 우선될 것 같다,젊은 여성,한국문화에 익숙하니까
355,젊어서,전문적인 직업을 가지고 있고 연령대가 있어 더 친근할 것 같다,한국에서 체류한 기간이 길어 한국사회에 대한 이해가 높을 것 같다
356,직업이 확실하다,젊은사람이니까,나이가 젊어서
357,그렇게생각되서,노동당원 경력이 없어서,직업이 상대적으로 안정적이고 한국 체류기간이 더 길다
358,특별한 이유는 없다,그렇게생각되서,그렇게생각해서
359,탈북도 받아들여야죠 ㅝ,특별한 이유는 없다,특별한 이유는 없다
360,한국내 체류 기간이 더 길고 나이가 더 어려서,괞찮아보여서입니다.,탈북민도 한국인입니다.
361,탈북민을 선호해서,같은 여성이므로,한국인 동료만 있다는 점에서 한국 사회에 조금 더 적응이 된 상태인 듯하여
362,나이가 젊어서,무직을 원하지는 않는다,제가 선호하는 프로필이다
363,편의점직원,북한이탈이 길어서,나이도 있고 인간관계도 넓다고 봐서
364,모르겠음,사무직직원,여성의사
365,인맥,젊어서,모르겠음
367,사교성도 좋고 젊기 때문이다.,체류기간,당원
368,조선노동당원이 아니어서,B는 나이가 너무 많고 A가 사교성이 좋은듯 하다.,B는 지방선거에 나가기는  너무 어리고 사회 경험도 없어서...
369,더 믿어보고싶다,그나마,"종교, 여성"
370,사무직 경력이 있고 많지 않은 나이,b는 한국에 적응 못한 것 같아서,더 믿음을 준다
372,프로필a는 은퇴나이가 지났다,중국 체류 기간이 짧고 사무직으로 일하고 있는 무난함,둘다 선호하지 않지만 직업적부분등을 고려
374,조건이 좋다,이웃으로는 의사가 좋다,나이가 더 많아서
375,신원이 어느정도 확실해서,조건이 좋아보여서,조건이 좋다
376,나이가 너무 어리고 체류기간이 짦아서,경력이 있어서,거주가 확실해서
377,공정성,한국 체류기간이 더 길어서,한국 체류기간이 더 길어서
378,한국 체류기간이 더 길어서,자기직업과 결혼해서 자녀가 잇는 사람이 더 나을듯해서,한국인 동료들과 어울리는 사람이라서
379,연령이 프로필a보다 어려 채용가능성이 높기 때문,공정성,공정성
380,한국 체류기간이 좀 더 길고 젊어서 활동적으로 일할 것 같아서,친한지인도 있고 한국 체류 기간이 상대적으로 길기 때문,탈북민을 떠나 한국 체류기간이 길기때문에 선택
381,"a는 북한 탈북후 중국 체류기간이 길고, 한국 내 체류기간이 짧기 때문에",국내 체류기간이 길어서,한국 체류기간이 B보다 길어서
382,특별한 이유 없음,한국 내 체류기간이 길어서,여성이니까
383,노동당원이 아니였었기 때문에,특별한 이유 없음,특별한 이유 없음
384,"한국내 체류기간이길고, 인맥도 좋은것 같다고 생각합니다",젊은사람들일경우 더 사회적인 고정관념이나 이념이 바뀌기 쉽다고생각되어서,노동당원이 아니였기때문에
385,없다.,한국내 체류기간이 길어 좀더 잘알고 익숙해있다고 생각합니다,"나이가젊고, 오랫동안 한국에 체류했고, 한국에 대해 잘 알고있다고 생각합니다"
386,어리고 젋어서,없다.,없다.
387,체류기간도 길고 한국 문화를 더 잘 이해할 거 같다.,의사이기때문에,알바라도 하니까...
388,ghjghjfhjfghj,아이가 있어서,한국내 체류기간이 길어서
389,탈북민 동료도 있어서,rrgdgdfhfgh,gfhfghjghj
390,A는 일을 새로 배우고 시작하기에 나이가 많은것같다.,친한 지인이 있다는 걸로 보아 한국 사람과도 잘 지낼거 같다.,한국인과도 친분이 있는 사람이어야 일을 잘 해낼 수 있을거 같다.
391,의사,친하게 지내기 어렵지않은 나이대,한국 체류기간이 더 길어서 A보다 지역 사정을 잘 알것으로 기대된다.
392,B가 나이로 보았을때 더 오래 일할 수 있다.,의사,경력
393,기회 제공차원,탈북민과 한국인 동료가 있는걸 보니 이웃이 되어도 좋을 것 같다.,중국에 체류한 기간이 12년이나 된 걸보니 한국에서 진득하게 잘 있을 것 같다.
394,ㅇㅇ,한국 체류기간,미혼이기 때문에 시간이 많을거 같아서
395,한국문화에 대해 더 잘 알것 같다,이해 불가,특별히없음
396,그나마 괜찮을 것 같아서,조용할것 같음,미혼 여성이기 때문에
397,능력이 더욱 뛰어난 사람이어서,그래도 괜찮을 것 같아서,그나마 더 나은 것 같아서
398,한국인동료,나이가 더 적은 편이 말이 잘 통할것 같아서,나이가 젊고 한국에서 일을 한다는것이 마음에 들어서
400,전 조선노동당원이 아니므로,노동당원이 아님,노동당원이 아님
401,환경에 익숙함,전 노동당원이 별로이긴하나 인간관계가 두루두루여서,인간관계 때문
402,업무에 따른 차이,환경에 익숙함 정도,익숙함
403,나이가 젊어 새로운 일을 배우기 수월할 것 같음,큰 이유 없음,"유경험자, 경륜"
404,한국에 더 오래 체류하고 있으므로 적응을 더 잘할것같다,나이가 많은 사람이 대하기 편함,당원활동 여부
405,한국내체류기간이 길다,전에 당원이 아니라 약간 안심이 된다,직업이 의사여서 더 똑똑할것같다
407,한국 체류 기간도 길고 친한 한국인이 있기 때문에 적응을 잘 할 것 같다,중국체류기간이적음,나이가 어려 변화가능성 많을 것 같아서
408,자녀가 있어서,한국에서 오래 생활해와서,한국에서 산 기간이 더 오래됐고 친한 한국인도 있어서
409,연령이 높아 사업체 운영에 도움이 될 듯 하다.,아직 젊기 때문에 더 힘차게 살꺼 같아서,노동당이 아니여서
411,65세 고용가능한가요?,한국내 체류기간이 길어서 남한 문화에 더 적응했을 듯 하다,연령대가 더 높아서 선택했다
412,체류기간이 길어서,독거노인 공양은 사양합니다,나이가 어려서
413,"국내 체류기간, 중국 체류기간 고려",의사라,조금 더 믿음이 가요
414,나이,"탈북 후 체류기간이 너무 짧고, 조선노동당원 출신인 점",중국 체류기간이 적어서
415,cugu,의사여서,북한 체류 기간이 짧고 전 당원이 아님
416,컴퓨터 스킬이 좋아보여서 문서 작업을 잘할 것 같아서다.,ychh,jzzz
418,젊으니까,조선노동당원 출신이 아니고 가정도 이루어서 원만해 보이기 때문이다.,조선노동당원 출신이 아니기 때문이다.
419,한국에서 지낸 기간이 더 길어서,젊으니까,젊으니까
420,사업체에 컴퓨터 능력자가 있으면 좋으니까,한국에서의 경험이 더 많아서,A는 너무 어리고 경험이 없다
421,Answer : 닥터가 할 수 있는 것도 있고 사무직이 할 수 있는 것이 나뉘어져 있다,컴퓨터기술자라서,젊어서
423,국내 체류기간이 더 길어서,아무리 전이라고 해도 노동당 파티라서,우선 무직이라도 둘 다 전에 당원이지만 조금 더 위험하지 않아서?
424,더 안정적인 직장에 근무해서,탈북이후의 시간이 더 많았기에,한국체류기간이 더 길어 한국사회에 대한 이해도가 높을 것이기에
425,연령에 따른 업무적응력 고려,나와 맞는 직업을 가져서,같은 성별에 더 이끌려서
426,한국에 정착한 지 더 오래됬다,한국에서 적응한 기간,북한이탈기간이 더 김
427,체류기간 차이가 심해서,둘 중에서는 그나마.,"인맥관계에서 한국인/탈북민 동료가 다 있는 것이 좋겠으나, 둘 중 하나라면. 한국에 정착하고 살고 있으니, 한국인동료가 있는게 낫다고 생각함"
428,조성노동당원이 아니고 직업도 좋음,직업이 깨끗하다,B프로필은 나이가 너무 어리다
429,gmdi,A는 한국에 오래살았는데 탈북민 인맥밖에없어서,한국내 체류기간이 길고 결혼도했고 직장도 있음
430,체류기간이많아서,clsalf,믿음
432,한국동료가 있음,체류기간이많아서,체류기간이높아서
433,없다,차이없음,한국에 오래삼
434,전 조선노동당원이 아니어서,없다,없다
436,좀 더 괜찮아보여서,전 조선노동당원이 아니어서,전문직업인임
437,직업이 안정적이다,좀 더 괜찮아보여서,좀 더 괜찮아보여서
438,18세에 의사인데 무슨 말이 필요하나요?,자녀가 있다는 점이 안정적이다,자녀가 있어서 좀더 믿음이 가고 안정적이다
439,중국에서 적게 살았다,"둘다 고르고 싶지 않은데, 하나는 택해야 돼서 그나마 한국인 동료도 있고 중국 체류 기간이 상대적으로 짧음","대체적으로 비슷한 조건이지만, A가 전 노동당원이었다는 것이 걸림"
440,나이가 어리고 자녀가 있어 일을 성실하게 할 것 같아서,도움을 받을수 있을것같다,여성을 선호한다
441,최근 도착,중국체류기간이 길고 조선노동당원이였기에 공산주의 사상에 찌들어있을거같아서,중국 체류기간이 짧고 국내 체류기간이 길어 민주주의에 익숙해지고 잘 알것같아서
443,ㅇ,의사,직업 유
444,더좋아서,ㅇ,ㅇ
445,상관없음,더선호해서,선호해서
446,좋아서,상관없음,상관없음
447,한국내 체류기간이 깁니다,좋아서,깔끔해서
448,"한국인동료, 북한체류짧으며, 결혼",나보다 동생이고 한국거주한지 좀 되서 편할듯합니다,"전문 직업이 있고, 한국 체류기간이 깁니다. 결혼을 해서 안정적입니다."
449,한국 체류기간이 길다,"노동당원이아님,자녀","결혼,직장,나이"
450,4,B 나이가 많다,젊다
451,오래 거주해서,4,4
452,좀 더 한국적임,중국 체류기간이 짧아서,1. 조선체류기간 2. 조선노동당원 유무
453,판단력이있을듯,좀더 한국적이다,좀더 한국적임
454,한국내 체류기간이 A보다 길어서,빨리적응하도록 지원,미래를우해
455,지식인,의사,연령이 많아서
456,나이가 어려서,나이,경력이많음
457,지식도 해박하고 생각의 버무이가 넓을것 같다,한국 체류기간이 좀 더 길어서,"노동당원이라는게 보기 안 좋고 자녀도 있고, 안정된 환경이라 괜찮아보임."
459,어려서,누구와도 서슴없이 친해질수 있을것 같다,"북한을 탈출한지 오랜 세월이 지났으며, 앞으로의 미래가 좋은 인적 자원이다"
460,노동당원이 아니다,나이가 많아서,한국내 체류기간이 길어서
461,더욱더활동이넓어질것같고 아는것등등이많이있을같습니다,국내 체류기간이 길다,노동당원이 아니다
463,한국 내 체류기간이 길어서 적응을 하는데 좀 더 용이할 듯함.,한국에많은것들을 겪고이겨내었기때문에 말이많이통할것같습니다,A가더욱더아는것도많고 노련한모습이있기때문에선택하였습니다
464,긍정적으로 본다면 낫다고 생각합니다,직업과 당원 여부,한국내 체류기간과 인간 관계
465,좀더 믿음직함,그나마 낫습니다,전체적으로 받을때 그나마 낫다고 판단을 하게됐습니다
466,노동당원 출신이 아니기 때문,좀더 보수적임,좀더 한국적임
467,나이가 더 어리고 한국인 동료가 있는걸 봐선 인간관계도 좋아보임,친한 지인 몇명만 있음,노동당원 출신이 아니기 때문
468,발전 가능성이 있어서,한국체류기간은 짧지만 직업도 확실하고 한국인 동료도 있어서,중국체류기간이 짧교 한국에 오래 있었다
469,나이도 젊고 체류기간이 길어서요,발전 가능성이 있어서,발전가능성이 있을 것 같음
471,연령,체류기간이 길어서,그냥 나이가 젊어서
473,젊고 능력있어 보인다,인간관계,인간관계때문에
474,컴퓨터 프로그래머라는 직업을 가지고 있어서,둘 중에 한명이라면의 조건하에서,특별한 이유는 없지만 나이나 경력이 적당하다고 생각
475,일단 노동당 당원이었던 사람은 믿고 거르는데 아닌쪽도 좋다고는 못하겠음,"전노동당원이 아니었고, 의사 직업을 가지고 있어서","인간관계가 넓고, 나이가 어리다."
476,12년체류 결혼 인간관계,둘 다 별로고 마지못해 한명 골랐다,둘다 별로인데 마지못해 한명 골랐음
477,무직인건 곤란,년령 직업 가족관계,결혼 3년 의사
478,그냥 글리는대로 고름,내또래,적절한 나이
479,전문직,그냥 고름,그냥 끌리는대로 고름
480,한국체류기간 경험이 있음,전문직,전문직이다
481,어리고 한국인 동료가 있어서,"나이,성별 통할것 같아서",젊고 한국체류 경험이 있음
482,직업이 있고 체류기간이 더 길기 때문이다,한국인동료만있어서,한국내체류기간이 길어서
483,한국에 온지 상대적으로 오래되어서  한국문화에 익숙해졋을 거라는 판단임,크게 위협 될만 한 것이 없어서,한국인과 탈북민 고루 사귀고 있어서 사회성을 판단 하였다
484,한국인 동료가 있다는 것은 이곳 사회에 적응할 수 있다는 증거이므로,이웃에 어린사람들보다  나이가 있는 사람이 더 안정적이다,연령이 상대적으로 높음
485,의사이고 현실적 사고판단을 할 수가 있다고 믿기 때문에,한국 체류기간이 긴점,"한국인 동료가 있고, 직업을 가지고 있어서 안정적 수입을얻고 있음. 천주교 신자라는 점도 가산점 요소"
486,좋아요,35살이며 가장이기때문에,국내에서 3년이상 살아서
487,전 조선노동당원이 아니라서/사무직 경력이 있으므로/A는 나이가 어림,좋아요,좋아요
488,노동당 출신이라는 애매한 부분 때문에 A 선택,여성이므로,한국 체류기간이 길어서
490,연륜,연령층이 나랑 비슷,초근에 한국으로 온 사람보다 한국을 잘 아는 사람 선택
492,나이가 더 젊고 한국체류기간이 길어 한국에 대해 더 잘 알것 같아서,없다,체류기간이 길어서
493,전문성이 있어서,어릴때부터 한국에서 살았기때문에 이질감이 없을것 같아서,나이가 너무 어리지 않고 한국체류기간도 더 길어서
494,지식 수준이 높음,가정이 안정적인것 같다,연륜이 있으니까
495,모름,잘 어울릴수 있는 성격일것 같습니다.,프로필 B는 아직 나이가 어려 경륜이 적음
497,직업성,모름,모름
498,오랜시간 한국에 거주,없음,딱히 없음
499,나이가 있는 여성이 살아왔던 날이 있기에  나이가 비슷한 사람이낫다,직업,나이가 어리고 직업이 우리나라에 도움이 될 것 같아서
500,자유에대한기긴이 길기때문,젊은 여성 이고한국 체류기간 7년 이라서,나이가 젊다 한국인 동료가 있다  결혼도 해서 가정 있어서 좋다
501,직업이 있기 때문이다,전문직,전문직젊은여성
502,아무 생각 없습니다,직업이 안정적이기 때문이다,직업이 믿음직하기 때문이다
503,잘할꺼같아서,아무 생각 없습니다,걍 선택했습니다 이런 질문 너무 어렵습니다  전치를 모르는 학생도 있는데 어렵습니다
505,한국내체류기간이길다,오래살아서,노동당원이 아니라서
506,직업으로 인한 신뢰감이 있음,비슷한연령대임,직업이있음
507,그냥,나이가 있어 성숙할듯 해서,나이가 젊어서
508,ㄴ,그냥,그야
510,한국체류기간이 길다,ㅁ,모름
511,한국 체류기간이 길어서,한국체류기간 길다,한국체류기간이 길다
513,중국 체류 기간이 짧기 때문이다,체류기간도 길고 직장이 있어서,한국인 동료가 있다는 것은 우리나라에 적응중이라 생각
514,자녀,상대방은 조선노동당원이였기 때문이다,자녀가 있다는 점에서 부모들의 마음을 잘 알 것 같다
515,나이가 조금 더 젊어서요,직업,"직업,나이"
516,좀더 신뢰가 간다,특별한 이유없습니다,한국체류기간 동안 남한 문화에 적응을 했을거 같아서요
517,중국에 덜 있었다,여성인 점이 그나마 좀 안전감있음,좀더 안전함과 믿음이 간다
518,둘 다 비슷하나 인간관계 면에서 B가 좀 더 나은 거 같다,B는 중국에 너무 오래 있었다,체류기간 길고 아이가 있다
521,한국내 거주한 기간이 둘중에 더 길어 한국적인 정서를 이해할것 같아,B가 직업이나 인간관계 면에서 더 건실한 삶을 사는 것 같다,좀 더 신뢰가 간다
522,프로필 A가 좀 더 신뢰가간다.,둘다 이웃으로 상관없다. 둘다를 선택할 수 없어서 위의 질문에 답한 사람을 고름,한국체류기간이 보다 길어서
523,둘다 별차이 없다,프로필 B가 좀 더 신뢰할수있다,프로필A가 더 신뢰가있다
524,어리고 창창해서,직업이 있어서,직업과나이
525,그래도 어느정도의 머리,18살에 의사란게 존나 어이가없어서,이슬람이라 둘다싫은데 억지로함
526,중국체류기간도 길고 나이도 맘에 듬,한국생화리 그나마 오래되어서,가정이 있고 나이가 있기때문에
527,사무직이니까,아무래도 의사라는 직업이 맘에 듬,중국체류기간이 다소 길고 한국 내 체류기간이 12년이라 다소 안정적임
529,그나마 노동당원 출신이 아니다.,더 오래 살았기 때문에,한국에 더 오래 살았기 때문에
530,나이 즉 연령 때문에,"노동당원 출신이 아니고, 중국 체류 기간도 적어서 그나마 나아 보인다.",그나마 노동당원 출신이 아니라서
531,프로필b는 나이가 너~무 많음,나이 때문에,A를 선택할 수 없어서
532,고등교육을 받아서,나이도 어리고 한국인 동료만 있어서,전조선노동당원이 아니였기에
533,전 노동당원이였지만 나이가 매우 젊어 남한의 문화를 A보다 더 잘 흡수할 것 같다,나이가 어려서,경륜이 있어서
534,한국에대한 이해도,남한에 체류한 기간이 더 길어 주변과 잘 지낼 것 같아서,일단 나이가 어려 북한과 완전히 다른 남한의 시스템을 쉽게 받아들일 것같고 한국인 동료만 있어서 이는 더 강화될 것이기 때문이다.
535,한국내 체류 기간이 길어서,노동당 경력,본인의 의지와 노력이 있어야 함
536,탈북한지 오래되기도 하고 한국에 살기에 능숙함이 있기 때문,한국인 지인도 있어서,B보다는 한국내 체류기간이 길어서
537,젊어서,컴퓨터 프로그래머라서,젊어서
538,직업이 좋고 사람들과 잘 어울릴 것 같아서,딱히 이유는 없다,체류기간이 길어 한국에 대한 이해도가  A보다 높다고 판단
539,한국 체류기간이 길어서,다른 사람들과 잘 어울릴 수 있어서,한국내 체류기간이 길어서
540,둘다 싫다,중국 체류기간이 짧아서,한국 체류기간이 더 길어서
542,"한국내 체류기간이 3년이고, 결혼해서 정착했다고 생각",직업,체류기간이 길다
543,good,"한국 체류기간이 길고, 직업이 의사여서",한국체류기간이 3년으로 A보다 길어서
544,중국체류기간이 길수록 비호감이다,not bad,not  bad
545,전문적 지식이 있어서,중국체류기간이 더 적다,중국체류기간이 너무 길어서 중국의 문화에 동화되어있을 것 같음
546,미혼이라 북한에 가족이 없어서,생각이 깨어있을거 같아서,아직은 젊어 소통이 될거같아서
547,현재직업이있으므로,한국사회에 오래 있지 않아 때가 안묻었을 것 같다,중국체류기간이 짧고 의사라는직업이 안정적임
548,없음,한국인동료가많으므로,젊은 여성이라서
549,나이가 더 젊다,없음,특별한 이유 없음
550,안정적이다,전 조선노동당원이 아니였어서,한국에 체류한지 12년이 되어 한국의 사정을 잘 이해할것임
551,나이가적당,일반적이다,일반적으로 선호하는 스타일이다
552,아무래도 한국체류기간이 길수록 한국문화에 적응되어 일도 쉽게 배울거 같다,나이가적당,좋은직업
553,선호 프로필,한국체류가 길수록 편하게 지낼수 있을거 같아서,그래도 젊은 사람이 나을거 같아서
554,체류기간이 길고 다방면 친구들이 있어 다양한 의견교환이 가능,더 선호하는 프로필,선호하는 프로필
555,결혼을 했었다는 건 안정적이고 싶은 것이고 한국인 동료가 있는것도 좋음,다양한 의사소통이 가능하고 벽이 없어 괜찮음,국내사정에 명확한 판단력이 요구되는데 적극 대처가 가능함
557,더 나음,한국 체류기간도 길고 결혼을 했으면 안정적이고 싶을 것 같음,결혼도 했고 한국인 동료가 있는 걸로 봐서 무난할 것 같음
558,미혼이라,나음,비보다 나음
559,별 차이없음,나이는 많지만 도움이 될 것 같은 인물,남한에 완전히 정착한 것 같아서
560,선호도가 더 있어서,별 차이없음,별 차이없음
561,체류기간이 있어서,선호도가 더 있어서,선호도가 더 있어서
562,챙겨줘야 할 것 같아서,한국인 동료가 있어서,체류 기간이 길고 자녀가 있어서
563,직업이 있어서,나이가 어려서,연령대와 직업을 보고 선택했습니다.
565,한국체류기간이 길어서,연령이 어려서,너무 늙지 않은 나이
566,그냥요 무난한디요,한국체류기간이 길어서,노동당의원이 아니라서
570,직업이 의사라서,무난한디요,그냥 무난함
571,더 젊어서,한국인 동료가 있음,현재 직업이 있어서
572,둘다 별로임,이유 없음,더 활동적일것 같아서
573,나이,둘다 별로임,사실 둘다 별로임
574,"컴퓨터 프로그래머이고, 아직까지 젊어서",나이,직업
575,경력이 더 좋은것 같다,"남자보다 여자가 친근하고, 부담이 없어서","한국인 동료만 있고, 컴퓨터 프로그래머이고, 장래가 기대되는 젊은사람이라서"
576,한국에 7년 더 살고 직업이 있다는 점,한국 생활에 익숙해 있을것 같다,연령층이 젊다
577,미혼부인점 고려,더 젊은 사람이라서,연령이 더 높고 의사다
578,나이가 더 어려서,별로 상관 없음,65살에 편의점 직원한테는 투표하고 싶지 않다
579,직업 자녀유무,좀 더 조용하게 지낼 것 같다,한국을 좀 더 잘 알 거 같다
580,나이가 젊어서,전체적으로,"직업,체류기간,연령,혼인관계"
581,나이,b보다는 나은거 같아서,체류기간과 결혼등 안정적인 느낌
582,회사에 적응하는 속도가 빠를거 갔아서,이유없이,직업
583,전문적,한국인 동료들이 많으면 친해지기가 쉬울거 갔아서,사회에 적응하는 속도가 빨라서 우리나라에 대래 더 잘 알거 갔아서
584,중국체류기간 짧음,여성,노동당원아님
585,무직이 아니어서,"둘다 별론데, a는 탈북민이랑 결혼해서 좀 더 꺼려짐",한국내 체류기간 길기때문에
586,어려서,딱히 없음,한국에 체류기간이 더 길어서
587,미래가치가잌다,어려서,어려서
588,연령,미래가치가보인다,절믕여자는조아
589,한국인 동료가 있어서,한국체류기간,안정성
592,조금 젊고 여자라 조금 더 유연하지 않을까,한국에 체류기간이 있어서,한국에 오래 체류해서
593,한국에 3년이상 주거,큰 차이는 없지만 중국에서 오래 살았던 관계로 뭔가 내가 색안경을 끼고 볼 것 같다,B는 너무 어린데 비해 중국 체류 기간이 너무 길다. 중국의 영향이 클 듯..
594,믿을수 있을것 같다,무교,한국도요만 있음
595,직업,친근하게 느껴짐,신뢰 할수가 있어서
596,나이가 젊어서,여성이 더 안전해보인다,더 성실함
599,한국 체류 기간이 길어서,"나이,직업,체류기간","나이,직업,체류기간 때문에"
600,전 조선노동당원이 아니여서,한국 체류 기간이 길어서,한국 체류 기간이 길어서
601,18세인데 의사면 능력있어서,한국인 동료만 있어서,직업이 의사여서
602,둘다 싫다,20살에 한국에 왔으면 그래도 한국 정서를 더 쉽게 받아들일 것이기 때문,현재 18세이고 한국 내 12년간 체류했으면 그냥 한국인임
603,한국에 동료만 있음,둘다 싫다,둘다 싫다
606,의사라서,미혼 여성,전문직 의사로서 전반 지식 소유
607,그나마a,노동당원이 아니라서,자녀가 있고 프로그래머라서
608,프뢱,어려서,방금탈북한게싫다
611,내 마음,프로필,프로필을선택함
612,한국에 오래 체류해서,내 마음,내 마음
614,나이,한국에 오래 살아서,b는 나이가 너무 적어서
615,노동당원이아니었음,나이,나이
616,쓸모가 많을것 같아서,체류기간,한국인동료가있음
617,시나리오 엉터리,도움이 될만한 사람이라서,오래 살아서
618,당원,"18세 결혼, 자녀 있음. 말이 안됨",시나리오가 말이 안됨
619,없다,당원,경험
621,전 조선노동당원이 아니기 때문에,없다,없다
622,젋은 나이,노동당원이 아니라서,중국 체류기간이 적고 여성이기 때문에
623,사무직 직원이라서,직업이 있어서,한국체류기간
624,업ㄴ소ㅡ33,"의사, 한국 체류기간이 상대적으로 길어서",한국 내 체류기간이 상대적으로 길고 직업이 있어서
625,이혼을 해서,없음,없음
626,컴퓨터 프로그래머 이다,중국 체류기간이 길어서,한국인 친구가 있어서
627,전 조선노동당원이 아니라서,전 조선노동원이고 컴퓨터그래머이다.,한국인 동료가 있다
628,자녀가 없고 현재 직업이 있어서,"직업이 있으며, 한국 체류기간이 길어서",전 조선노동당원이 아니어서
629,그냥,여성이라,노동당원이 아니며 한국인 동료만 사귀고 있어서
630,나이,마음에 들어서,기독교여서
631,사무직 경험이 있으니까,나이,안정감
633,결혼함,나이가 비슷해서,한국인 동료가 있어서
634,직업이 좋아요,1,경험 많음
635,나이가 젊다,마음에 들어서,종교가 좋아서
636,그냥,노동당원인 점이 별로다,여성이고 한국 내 체류기간이 더 길다
637,한국 내 장기간의 체류기간,이유없음,체류기간 및 한국인 친구
638,성희롱이니 추행이니 시끄럽기 싫어서 여자는 안 채용한다,안정적인 직업,좀 더 한국에 적응했을 거 같음
639,b는 무직에 체류된지얼마 안되서 일적응하는데 힘들꺼같음,b는 나이가 너무 많다,여자가 무슨 정치를 한다고
641,기술력이 있어서,말이통할꺼같음,어린데 의사인게 똑똑한거같아서
642,호감이감,연령대가 낮아서,한국에 오래 머물러서
646,그냥,모름,그냥
647,적절한 나이,그냥,1
648,"노동당원 아님, 한국인 동료만",결혼함,적절한 나이
649,지인이 다양,"한국 내 체류기간, 나이","한국내체류기간, 나이"
650,그냥 전부 좋다,체류기간,체류기간
652,다른일의 경험이 많을것 같아서,그냥 좋다,그냥 전부 좋습니다
653,둘다 그냥 똑같은데 굳이 뽑으라 해서,이유없음,이유없음
655,더욱 능력있어 보임,둘다 그냥 똑같은데 굳이 뽑으라 해서,둘다 그냥 똑같은데 굳이 뽑으라 해서
657,한국 체류 기간이 더 길고 사무직을 하고 있으므로 회사에 잘 적응할 것 같다,더 괜찮아보임,더 유능해 보인다
659,한국에 오래 체류했으며 직업이 믿을 수 있어서,나와 나이가 비슷하고 같은 사무직 종사자라 A보단 나을 것 같다,전문직이며 한국에 더 오래 살았다
660,한국인들과 잘 융화,직업이 안정되어 있으며 중국 체류기간도 짧음,직업이 안정적이고 한국인과 교류해서
661,한국체류 기간이 길고 사무직원이면 보편적인 상식 및 업무지식이 있을 것으로 판단.,직업,한국에 정착을 잘 한듯
662,직업,직업도 있고 한국인 동료가 있다면 한국 사회에 잘 적응한 것으로 보임,한국인 동료가 있다는 점에서 한국사회에 적응했다고 판단됨.
663,의사라는 경력이 있음,직업,더맘에든다
664,젊은 사람을 채용하는 것이 효율적이라서,의사라서,나이가 어림
665,선택,직업이 있어서 신뢰가 간다,신뢰감이 들어서
667,결혼한 남성이기 때문에,없음,없음
668,교욱기간,결혼한 남성이기 때문에,남성이고 한국체류기간이 더 길어서
669,기술이 있어서,직업과 나이,적은 나이와 거주기간
671,이유 없음,친화력이 좋아보여서,중국체류기간이 짧아서
672,한국인 지인이 어느정도 있어서 한국에 잘 적응해나가는 것 같아서,이유없음,친한 지인의 존재 유무
673,전체적인 상황,의사라는 고급인력이라서,어려서 한국에 그나마 잘 적응할 것 같아서
674,젊은 인원 선호,전체적인 상황,전체적인 상황
675,나이가 어려서,젊은 인원 필요,젊은 인원 필요
676,"프로필 b와 비교했을 때 한국체류기간이 더 길고, 더 젋어서.",여성이라서,의사라서
678,A는 못믿음.,"나이가 어리고 도움을 주고 싶어서. 프로필 b는 배우자도 있고, 의사라는 전문기술도 있고, 살아갈 능력이 되지만, 프로필a는 나이도 어리고 도움이 필요. 그러나 젊고 한국의 미래에 꼭 통합되어야할 사람이니까. 이웃으로 삼고 도와줘야한다고 생각","인맥을 봤을 때 좀 더 사회적 친화력이 좋고, 관계나 상황에 대한 이해력이나 적응력이 더 좋다고 판단. 거주기간 또한 a보다 길어서 한국사회에 대한 이해와 북한에 대한 이해를 더 깊게 할 수 있다고 생각하기 때문"
679,사무실 직원이라 서류작성및 문서작성등 세부적인 것까지 잘 할 수 있을 것 같음,도찐개찐,솔직히 둘다 별로.
680,젊어서 일하기에 더 어울려보여서,의사라는 직업,무직은 능력이 없어 보임
681,나이,더 배웠고 더 젊고 모든면에서 A보단 더 나아서요,둘다 너무 비슷한대 B는 여러동료가있어서 더 성격이 좋아보여서 선택했다
682,일자리가없는사람이라서,직업,나이연륜
684,그냥,여자라서,직업이 더믿음직스러워서
686,특히 없음,그냥,그냥
687,경험이 많다,나이,나이
688,채용에는 여성을 더 선호함,친밀해지고 싶다는 생각이 들어서,발전 가능성
689,국민적이다,연령대가 비슷하고 교우관계가 좋기 때문에,연륜이 있고 전 노동당원이 아니였기 때문에
690,18세 남성 보다는 65세 여성이 낫다,국민적이다.,발전 가능성
691,없음,한국인 동료가 있다,한국인 동료가 있다
693,나이,없음,없음
694,보다안정적,성별 및 직업,직업과 한국 체류기간
695,..,사회적응이 조금 더 되었을것 같아서,b에대한상대적선호
696,"북한 체류 기간이 더 짧고, 한국 내 체류 기간이 더 길어서",..,..
697,체류기간이 길어서,여성이라서,포교에 덜 적극적일 것 같아서
699,ᆢ,체류기간이 길어서,체류기간이 길어서
700,직업,ᆢ,ᆢ
701,나이가 어려서,직업,직압
702,가성비갑,한국체류기간이 길어서,연령이 적정하다
704,한국 체류기간,가성비갑,가성비갑
705,직업이 있어서,나이가 적음,나이가 적음
706,젊다,특별히 없음,직업이 있어서
709,체류 기간이 길어  믿을수있을거같아서,노동당원이아니어서,한국인동료만 있다는 점
711,중국 체륙 기간도 길고 꾸준히 일을 잘 할거 같아서,나이가 더 있어서  경험이 많을거같아서,한국내 체류기간이 길기떄문
712,나이가 적어서 적응이 더 쉬울 것 같다.,한국인 동료가 있고 편의점 일을 통해 이웃과 소통하는 법을 알거 같아서,지식이 풍부하고 언변이 뛰어날거 같아서
713,젊어서,한국과 중국 체류 기간이 길어 사고방식의 차이가 크지 않을 것 같다.,한국 내 체류 기간이 짧으므로 신선한 공약을 낼 것 같다.
714,오래 되어서,의사이며 연륜이 있어보여서 비슷한 나이 라서,직업이 의사여서
715,젊어서,오래 되어서,거주가 더 오래 되어서
716,한국에 먼저 왔어서,한국인동료가있어서,한국내체류기간이더길어서
718,둘다 싫음,다양한 이웃이 있으면 좋을꺼 같아서,조금이라도 젊은사람이 했으면 해서
720,한국에 오래살아서,노동당원 싫음,이슬람 남성이 싫어서
722,이슬람교 아웃,중국에 체류한 기간이 짧아서,남성이라서
723,직업이 있음,중국 체류 기간,그냥 답이 없다. 이슬람교는 뽑지 않는다
724,안정된 직업,직업이 있고 체류기간이 길다,직업이 있음
727,한국 체류기간이 더 길고 한국인 탈북인 동료 다 있고 자식도 있음,그나마 직업이 있어서,같은 여성이어서
728,의사여서 많은걸 알고 배움이 빠를것같아서요,결혼하고 친한 지인도 있음,한국내 체류기간이 길다
729,한국내 체류기간이 길기 때문입니다.,한국에 거주기간도 더많고 직업도 안정적이고 나이도 어느정도 먹어서 좋은 이웃이될것같아요,의사란 직업이 마음에드네요
730,전 조선노동당원이 아니고 체류기간이 더 긺,한국내 체류기간이 길기 때문입니다.,조선노동당원이 아니라서 입니다
731,전문직이면서 나이가 어림,"현 연령이 18세, 한국 체류기간 12년이면 북한에 대한 충성도가 낮았을 것",북한 이탈 기간
733,인맥관계,나이거 어려서,이슬람교이면서 여성. 남성 이슬람교 종교관은 한국사회와 결합하기 어려움
734,한국체류,한국내 체류기간이 길어 문화이해가 쉬울듯,한국내 체류기간이 상대적으로 길어서 한국에 대햔 이해도가 높을듯
736,이해력이 빠를것 같음,한국체류,한국체류
737,연령대에서도 그렇고 북한에서 이탈 같은 얘기를 한다면  적어도 오랬동안 머무른 사람이 훨씬 나은 편입니다.,나이차가 적어서,경험이 충분하다
738,한국 체류기간이 길어서 한국 자본주의에 적응,최근에 도착을 했을 시에 정보가 많아서 그럴지는 몰라도 프로그래머이면서 최근에 왔다는것은 의심이 드는 부문이다,한국에 대해서 자라 알 수 있으면서 체류기간도 길고 아는 사람도 있으면 나라에 대해 잘 아는 것이고 연령대에서도 무시 못할 경험이 있을 것이다
739,한국인과 결혼해서,한국 체류기간,북한 이찰한지 오래되어서 자본주의에 적응
741,프로그래머라는 직업 때문에,전 노동당원이 아니라서,그나마 나은 선택지
744,한국체류기간과 자녀유무가 중요하다.,전 조선노동당원이 아니기 때문에,전 조선노동당원이 아니라는 점 때문에
745,아직 젊어서 더 잘 적응할 것 같아서,연령과 지인관계,한국사회에 좀 더 적응했을 것이기 때문이다.
747,보다도 안정적인,좀 더 쉽게 적응 할 수 있을것 같아서,한국에 좀 더 체류해서
748,연륜이 있어서,안정적인 면에서,좀더 안정적인
750,한국친구가많을거같아서,인생을 더 깊이 알거 같아서,연륜이 있어서
753,더 나은 것 같다.,한국체류기간이오래되서,거주기간이길다
754,연령,더 나은 것 같다.,더 나은 것 같다.
756,연령이 어리기 때문에 전체적인 트렌드 흐름을 파악하기 좋으며 한국인과 탈북민 모두와 교류하기 때문에 다양한 선호를 파악하기 편함,현재직업,탈북민과 결혼
760,한국 체류기간이 더 길어서 적응을 잘 할 것 같다,이웃 중 친한 할머니가 계셨으면 좋겠고 더군다나 컴퓨터 프로그래밍을 할 줄 아시는 분이라면 따라다니면서 알려달라고 할 것 같아서... 멋있잖아요.,"한국 내 체류기간이 4년 더 길기 때문에 한국 내의 정치적, 사회적 문제를 보다 더 알고 있을 확률이 높기 때문."
762,젊음,한국 체류기간이 길어서,정치 경험이 있고 한국 체류기간이 더 길기때문에 그동안 한국에서 겪었던 경험을 잘 살릴 수 있을것 같다
763,노동당원 안 받음,중국체류기간이 짧아서,한국체류기간이 길어서
764,어려서,노동당 싫음,직업이 있어서
765,현재 직업을 가지고 있어서,그냥,상대쪽 나이가 너무어림
767,직업,중국 체류 기간의 길어서,조선노동당원이 아니라서
768,그냥,직업군,직업
769,며치녀 세,딱히 없다,딱히 없다
770,지금 일하는중,휴쵸야펴,며저 머차
772,으느드,한국내체류기간,연령
773,한국체류기간도 길고 나이가 어림,느스브,으느드
774,조선노동당원은 안됨,어린 나이에 탈북하고 한국인 친구도 있어서,탈북민이 지방선거에 나오는 자체가 별로 나음에 들지 않지만 어쩔 수없이 고름
775,전문지식이 있음,중국 체류 기간,중국 체류 기간이 짧아서
776,아직 이슬람의 오염이 덜할것 같음,전문직종,전문직이라서
777,zagfaa,아직 어려서 이슬람의 오염이 덜 할것 같음,범죄 혐의의 용의가 적어보임. 이슬람 하면 범죄가 어쩔 수 없이 연상됨. 코란 자체도 그렇고
778,책임감이 있을거 같음,aaff,afasf
781,나이,의사,A의 나이가 너무 어림
783,성장 할 수 있는 나이,나이,나이
787,인간관계가 더 넓어서,프로그래머정도의 교육지식,기독교지만 이혼한 경력으로 미뤄 종교관에 치우치치 않음
788,더 어리기 때문이다.,여성이고 나이대가 비슷해서,한국 내 체류기간이 길어서
790,노동당원이 아니라서,둘다 별로인데 굳이하나를 꼽자면 젊은 사람이 나을듯..,한국에서 어렸을때부터 있었기 때문에
791,한국체류경험 7년,노동당원이 아니라서,나이가 어려서
793,노동당 당원이 아니라서,조선노동당원 아님,어릴때부터 한국 생활
796,평범해서,중국체류기간이 길어서,노동당 당원이 아니라서
797,체류기간이 많고 지인이 있으니 조금은 더 안전하게보임,믿음이있어서,그냥 느낌대로
799,무직이고 나이가 많고 결혼했기 때문에,젊은 나이로 앞의 진로가 기대됨,젊고 국내사정을 잘 알고있을것 같아서
801,젊다,"같은 성별, 호감 있는 직업, 젊은 나이",한국 내 체류했던 시간이 있어야 한국 문화를 알고 일을 할 수 있기 더 좋기 때문에
802,한국체류 기간이 길어서,안정적 일 것 같다,안정적일 것 같다
807,이유 없음,같은 성별이라서,나이가 적당해서
809,의사라는 직업이 있었고 한국인지인만 있으면 한국인과 마찬가지다,뮌가 인상깊음,호감이 듬
810,가정이 있고 직업이 안정적 이라서,어릴때 들어와 한국에서 오래 살았다,한국체류기간이 오래되었고 노동당원도아니며 직업도 확실하다
811,한국체류기간,젊음이 있어서,직업이 안정적이라서
812,A가 직업이 없기 때문에 기회를 가져야 한다고 생각한다,한국체류기간,한국체류기간
813,프로그래머 기술이 있으니까요,여성이기 때문에,소수자이기 때문에 투표를 통해 지지해주고 싶다
814,컴퓨터 프로그래머 능력,둘다 싫어서요,둘다 별로라서요
815,온지얼마 안돼도 구직함,의사,노동당원이 아니므로
816,무직,직업이있고 비교군 남성에비해  건실,직업
817,사무직 일을 할 수 있어서,한국 내 체류기간,"연령, 직업"
818,의사를 필요로한 사업을 할것 같지 않고 고용 비용도 많이 든다.,갑지기 건강에 이상이 생겼을 때 도움을 받을 수 있어서,한국 내 체류 기간이 3년이라서 한국에 대해 어느 정도 알 것 같아서
819,체류기간,의사라 응급상황시 도움이 될 수 있어서,지역대표를 뽑는 선거인데 상대방 국내 체류 기간이 너무 짧다.
820,탈북민동료,체류기간,둘다 싫다
821,한국 내 체류기간이 길어 적응에 문제없음,혼인관계,한국내 체류기간
822,경험,한국인들과도 두루 친하게 잘 지냄,지식에 해박함
824,직업이 불확실해서,경험,경륜
826,직업이 좋아요,최근에 도착했기때문에 새로운 기회를 주고 싶어서,컴퓨터 프로그래머라는 직업이 마음에 들어서
827,한국내 체류기간이 김,직업이 있어서요,인맥이 좋구요 나이가 젊어요
828,둘다선호하지않음,한국내 체류기간이 김,한국내 체류기간이 김
829,적응이 빠를 것 같다,둘다 비선호,둘다선호하지않음
831,노동당원이 아님,이웃과 교류가 안정적일 것 같다,한국 발전에 더 도움이 됨
832,성실할것 같아서,나이대가 있다.,체류기간이 길다.
834,.,익숙할것 같아서,장기적으로 있어서
835,대화를 편하게 할 수 있어서,.,.
836,그냥,편할 걸 같아서,대화가 될 것 같아서
838,프로필 b가 더 젊어서,그냥,공동적인 종교로서 동질감을 느껴서
839,"최근에 입국했으나, 전문기술인력",젊은 세대가 친해지기 편해서,안정적으로 보여서
840,한국 내 체류기간이 길어 우리나라에 적응이 좀 더 많이 되었다 생각되어서,전문인력,안정적으로 한국에 정착
841,중국체류기간이 짧다,한국과 중국 내 체류기간이 더 길고 나이와 성별 상 더 선호하는 쪽이어서,둘 다 체류 기간 상 충분히 우리나라에 적응이 되었다 여겨지는 가운데 A쪽의 나이와 성별이 좀 더 어울린다고 생각한다
842,컴퓨터 프로게이머의 직업이 있어서 유리 할 것 같아서,중국체류기간이 짧음,중국체류기간이 짧다
843,한국인과 탈북민 등 인간관계가 두루두루 원만해 회사조직생활에 잘 적응할수 있을것 같다,컴퓨터 프로그래머의 직업이 있어서 유리하기 때문에,한국 체류기간과 인간관계 현재 직업들이 마음에 들어서
844,현재 직업이 없어서,동성이고 한국에 체류기간이 더 길어 한국생활에 더 익숙하고 한국 사람에 대한 관계를 더 원만하게 이끌어갈거 같아서,한국내 체류기간이 더 길어서 한국 내부의 상황을 더 잘알고 있을거라 생각하기 때문에 지방 행정을 더 잘 수행할것 같다
845,한국체류기간이 길고 직업이 있음,한국 내 체류기간이 길다,의사 출신
846,한국인 동료라도 있으니 그나마 나을 것 같다,한국체류기간이 김,직업이 있다
847,선호도가 높아서,직업도 있고 아이도 있으니 안전할 것 같다,한국인 동료만 있다는 점에서 한국에 대한 이해도가 높을 것으로 판단
848,"직업이 확실하고 체류기간도 길며 중국체류 기간도 짧고,인간관계가 넓은듯하다",선호도가 높아서,sp
850,체류기간 김,a보다 나이가 엄청 많지도 않고 조선노동당 출신이면 일반북한주민보다 남한에 대해 더 잘 알고 적응을 잘할 듯하다,"직업이 있고, 한국인동료의 인맥이 한국사회에 적응하려는 노력이 보여서 적응을 어느정도한듯싶다"
852,나태해짐,결혼한 가장,체류기간 김
853,매우 진지합니다,사회성,한국 문화에 어느정도 적을
854,의사,"역시, 의료진이 낫습니다",더 적극적예요
855,조선노동당원 여부,의사라는직업,둘중 한국첼기간이길고 의사라는직업
856,그냥,한국체류기간 및 동료,조선노동당원 아니어서
857,딱히 선택할사람 없어서,그냥,경력이 있어서
859,나이,둘다 마음에 안들어서 선택할사람 없음,사실 딱히 할사람이 없다 둘다 마음에 안듦
862,의사라는 경력을 볼때 기본적인 업무 능력은 어느정도 검증된것으로 생각함,직업,직업
863,북한 이탈후 중국 체류기간이 길어 약간은 자본주의를 경험했다고 보아 채용하면 빨리 적응할 것으로 보입니다.,고령의 나이와 의사라는 직업을 볼때 예의가 있을것으로 기대되서,컴퓨터프로그래머라는 전문기술이 있고 젋어서
865,직업이 맘에 들어서,한국 내 체류기간이 어느정도 있어 이웃으로 지내기에 약간은 편할 것 같다.,"한국에 거주한 기간이 기록, 나이가 비교적 있어보여 투표할 자격이 충분하다고 봅니다."
867,젊은 만큼 일을 잘 할 것 같아서,체류기간이 길어서,직업이 믿을만 해서
868,27살의무직인 남성에게취직의기회를주고싶음,중국체류기간이 길어서 북한밖의 삶에 적응된 것 같아서,한국내 체류기간이 긴 만큼 적응기간이 길어서
869,한국에서 보낸시간이 길어서,탈북민동료만있는게 수상함,성별과 나이  b는 나이가너무많음
870,체류기간,컴퓨터관련직업,한국체류기간이 길어서
872,공산당원 NO,직업,직업
873,"결혼을 했고, 전 노동당원이었으니, 북한과 대한민국의 확연한 차이점을 잘 알고, 또한 나이와 직업이  한국 사회에 적응하기가 쉬울것 같아서.",나이든 알바보단 젊은 의사가 낫다,사무직 직원이 알바보단 낫다
875,사무실 직원 이라서,"한국에서의 체류기간이 짧아서 아직은 많이 미숙하기에 남에게 실수를 하지 않고 에의 바를것 같고, 성실할것 같아서.","65세이며, 자녀가 있어 부양의 책임감이 있기에 잘못된 판단과 행동을 하지 않을것으로 판단되며, 또한 페쇄된 북한에서 생활후, 조금은 자유스럽지만, 완전한 민주주의가 아닌 중국에서 생활을 어느 정도 하였기에 완전한 민주주의인 대한민국에서의 생활이 얼마나 소중한지 잘 알것 같아서."
876,전 노동당이라는 B가 불안함,선호 하는 직업이 의사라서,일을 하고 있어서
877,노동당원이 아님,실제 북한에 거주한 기간이 거의 없음,"북한을 빠져나온지 오래 되었고, 직업이 안정적임"
878,"나이가 적다는게 가장 큰 이유이다. 그리고 한국인 동료가 있다. 즉, 한국에 더 잘 적응했다.",노동당원이 아님,노동당원이 아님
879,동료,더 젊고 한국내 체류 기간이 길고 친한 지인들이 있다.,한국내 채류기간이 길다.
881,거주기간,동료,체류기간
882,나이가 적어서,거주기간,한국사회에 적응 정도
884,사실 둘다 이슬람교라서 채용안하고 싶지만... 그나마 b가 낫다고 판단,직업이 좋아서,나이가 적어서
886,젋어서 환경에 잘 적응할거 같아서,그나마 한국 체류기간이 길어서 한국생활이해도가 높을것으로 판단,한국 체류기간이 길기때문에 한국 생활 적응에 어려움이 없을것으로 예상되며 편의점 직원을 직업으로 삼고 있으니까 원만한 한국생활의 진상들은 봤을것으로 생각되어서 한국사회에 적응에 익숙할거라고 판단
890,한국내 체류기간,나라에 적응하고 어떤일이는 상황에 맞춰가면서 살아갈려는 모습이 보여서,한국에서 취업하면서 적응하면서 살아갈려는 노력이 보여서
892,한국내 채류기간,의사와 나이,체류기간이 더길다
893,b의 프로필이 말이 안되서,딱히 없음,실질 적응력
895,친구를 키워주기 위해서,b의 프로필이 말이 안됨,사무직으로 근무해서 일을 잘 할거 같음
897,전반적으로 만족합니다,친구를 몇 명 더 친하게 해주기 위해서,이혼이 안타까워서
901,능력이 더있기때문에,전반적으로 만족합니다,고학력자 ㆍ안정적 직업
902,한국내 체류기간,능력이 더있기때문에,결혼도하고 한국인동료가 있기때문에
903,혼인 관계가 깨끗하다.,직업이 있어서,직업이 있어서
906,나이가 적당해요,자녀가 있고 한국내 체류기간이 길다.,혼인관계가 깨끗하다.
910,청년,중국에 거주한 기간이 좀더 짧아서요,연령이 적당해서요
911,편의점 직원,국내사회 기여가능,청년에 인적 투자
913,나이는 어려도 국내 체류기간이 3년인지라 적응할정도는 되서 어느정도 업무를 볼수 있겠다 하는 생각이 든다,인간관계,컴퓨터 프로그래머
914,북한 연고자,한국내 체류기간이 있어서 불안요소가 적어보인다,중국 체류기간이 짧아야 좀더 불안감이 없다. 그리고 직업도 분명한점이 좋다
915,나이가 젊어서,북헌 연고자,북한 연고자
916,프로필A 보다는 나아보임,동성을 이웃으로 두는 것을 선호합니다.,한국 내 체류기간이 한국을 지방 정치에 필요한 요소라고 생각한다
918,직업있음,프로필A의 의사보다는 나을듯 해서,젊은 여성
919,더 어린 여자,의사,의사
921,연령과 직업으로 선택,더 어린 여자,미혼 여자
924,나이,한국내 체류기간이 길었으므로 한국에 적응했을것이므로 선택,전노동당원이 아니여서 선택함
925,미혼,한국 체류 기간,인맥
929,젊음,결혼,한국내체류기간
932,높은 학력으로 사기칠 걱정이 없어서,젊음,젊음
934,동질감이 들어서,젊어서 합리적인 생각을 가졌을 것 같아서,직업이 있음으로써 삶이 안정적이다
936,한국거주기간,동질감이 들어서,동질감이 들어서
938,컴퓨터 프로그램머기때문에 직원으로서 일을 더 잘할 것 같아서,편의점 직원,당원이 아니다
939,직업이 괜찮고 한국인 동료들도 있음.,인간관계 형성이 A보다는 좋아보임,한국체류기간이 있어서 좀더 안정적으로 보임
940,남성,직업이 괜찮고 나이가 어려 발전 가능성,나이와 한국 내 체류기간이 낮음
942,더 젊어서,남성,남성
943,북한 이탈 후 한국내 체류기간이 길어서,한국내 체류기간,한국인 동료만 있음
944,한국체류기간 때문,기혼자로 가족이 있어서,북한 이탈 기간이 길어서
945,어리고 전문직이어서,나이 때문에,한국에 있던 기간이 길어서
948,중국 체류기간이 더 길어서,한국내 체류기간이 길어서,한국내 체류기간이 오래되어서
951,탈북한지 얼마 안되서 적응을 도와주고싶어서,한국인 동료가 더 많아서,젊은 사람이 더 나을 것 같아서
952,중국체류기간이 짦아서 ....,한국인 동료만들기에 적극적이므로,결혼을 하였으며 이슬람이지만 여성
953,나이가 어리다,한국에 체류기간이 길어서...,결혼한 남성이고 나이가 들어서 어느정도 사회적응에 잘할것 같아서
955,믿을만하다,사회적 위치가있음,한국인과 인맥을 많이 쌓아서
957,젊고 미혼이고 북을 일찍 탈북해서,믿을만하다,믿을만해서
958,인간관계조심해야한다,탈북후 중국에서 생활한 기간이 길어서,어리지만 결혼해서 자녀가 있는 점
961,그냥,북한사람 조심해야한다,탈북민을 많이 알아서 도움이 되는 것이 무엇인가
962,그냥요,그냥,그냥
963,한국 내 체류기간도 길고 나이가 젊음,그냥요,그냥요
964,자녀있음,가족과 직업이 있음,나이가 더 많아서
966,설명하고싶지않음,거주기간,거주 기간
967,기혼자가 좋음,답변하고싶지않음,설명하고싶지않음
969,선택하기어려워요,의사,한국정착3년
970,한국 체류 기간이 길어서,선택하기어려움,둘중하나를 선택하기힘들다
971,나이가 어리고 사무직 근무 경험이 있다,한국인 동료가 있어서,한국 체류 기간이 길어서
974,젊고 전문직,한국내 체류 기간이 길다,직업이 있고 한국 내 체류 기간이 길다
976,경험이 더 많기 때문에,한국생활에 도움을 주고싶다,현재 나이와 직업
977,직장이있음,이웃으로서 별로 관계를 맺지 않고 살아가기 때문에 큰 상관이 없음,한국에 더 오래있었기 때문
978,자녀가있는  기혼이라 책임감이 있을듯,자녀가있어서,다양한대인관계
979,탈북민 동료가 있다는것에 거부감이 있어서,직업적부분 그런데어떻게 18세에 의사인건지 의문임,직업적인부분과 긴 국내 체류기간
982,업무 수행을 더 잘할 것 같아서,한국내 체류기간이 길어서 더 안전할꺼 같아서,북한에서 그래도 오래전에 탈주해서
984,한국인 동료들과 잘 어울릴 것 같다,이웃으로 더 친근할 거 같아서,한국적응을 더 잘할 것 같아서
986,저런 인간이 지방 선거에 나온다고? 왜 지방 선거에 외국인이 나오지? 정말 역겹고 더럽다. 30대 조상부터 한국인이었고 군대 다녀왔고 세금많이 내는 오로지 남자만 지방선거에 바와야 한다. 개집과 외국이은 무조건 안된다.,직업때문에,한국체류기간이 길어서
988,한국에 오래 체류해서,무조건 개집은 안되며 외국인도 안된다. 개집과 외국인은 기생충이다.,개집과 빨갱이와 외국인은 기생충이다.
992,한국 체류기간이 더길어서,젊어서,한국에 오래 체류해서
994,젊은 사람이 더 많은 발전 가능성이 있음,의사,한국인동료가 있어서
998,어려서,중국 체류기간이 적고 직업 때문,탈북민 동료만 있다는 것은 한국생활에 융화되지 않은 것
999,컴퓨터 프로그래머라는 직업 특성을 소유,어려서,한국에오래살아서
1001,직업이 컴퓨터 프로그래머라서,자녀가 있다,한국에서 생존하려는 의지가 보임
1003,한국에 도착한 기간이 훨씬 길어서 적응을 잘했을 것.,한국내 체류기간 7년이라서 한국 실정을 잘 알것 같아서,연령이 젊어서 일하기 좋을 것 같아서
1008,중국 체류기간이 짧음,대인관계가 보다 넓고 젊어서 보다 쉽게 적응할 것임,한국 지인이 몇 명 있는 것으로 보아 보다 외향적 성격이므로 정치에 어울릴 것 같음
1009,직업적 능력이 있어 보여서,중국 체류기간이 상대적으로 짧음,중국 체류기간이 짧음
1011,한국에 적응을 잘 한것 같아서,여성이 범죄 가능성이 더 낮다고 생각돼서,여성보다 남성이 범죄 가능성이 높다고 생각돼서
1012,의사,한국 체류기간이 오래되서,노동당 당원이었던 a는 좀 꺼려짐
1013,자녀가 없는 것이 선택의 이유다,잚음,젊음
1015,한국체류기간이 길어서,젊은 사람이 이웃으로 있으면 더 좋다.,한국 체류 기간이 7년이 되고 직업도 가지고 있다.
1016,더 한국을 잘 이해할것같다,한국체류기간이 길어서,체류기간이 길어서
1017,중국에 오래 있었다.,더 한국을 잘 이해할듯,안정적인 사람같다
1019,중국체류기간은 짧을수록 좋다,한국에 오래 있어서,한국인과 결혼
1020,남성이 일을 잘할거같아서,최근에 도착해서,전조선노동당원이었던게 싫다
1021,의사라는 직업이 도움이 될 것 같다.,인탤리라서,나이가 젊다
1022,무난한것 같다,나이가 젊어 소통하기가 쉬울것 같음,연령 대비 한국에 체류기간이 길어 한국 문화에 많이 익숙해 졌을 것이다.
1024,나이가 깡패,무난한것 같다,무난한것 같다
1026,직업과 한국체류기간,늙다리틀딱은 좀..,편의점직원보단 나으니까
1027,나이가 B보다 어리다,한국내 체류기간,직업의 안정성
1032,그래도 전문적으로 할 수 있는 분야가 있기 때문이다.,전문직 종사자 둘다 싫다 테러리스트,전문직 종사자
1035,맘에듬,한국에서 12년 살았을 정도면 그냥 한국인이다.,프로필b에 비해서 한국 체류기간이 길어서 사어느정도 검증이 되었다고 생각한다.
1036,안정적인 삶에 대한 욕구와 의지가 상대적으로 높은 상태일 것 같아서,나이,제가 미혼임
1037,좋아서,우리 사회에 대한 이해도가 높은 상태,계층적 척도로 중등 위치에 있어서
1038,비슷한데 한국내 체류기간이 길어서 선택함,좋아서,좋아서
1039,더 끌려서,의사가 더 믿음이 간다,나이가 어려서 마음에 든다.
1041,일의 전문성,그나마 나아서,더 끌려서
1046,없음,중국혐오함,중국선호하지 않음
1047,비가 나이가 어려서,없음,없음
1051,한국 내 체류기간이 김,체류기간이 짧아서 도와주고 싶다,노동당원이 아니라서
1053,",,,,,,,,,,,,,,,,,",조선노동당원이 아니었음,한국 체류기간이 김
1055,한국체류기간이 길고 북한 이탈 후 중국체류기간이 짧아서,...........,...........
1060,더 나은거 같아서,한국 체류기간이 길어서,한국체류기간이 길어서
1062,공정하다,그나마 나아서,그나마 나아서
1064,버프터헤,평평하다,현명함
1070,fewfa a,루우쿄커휴티,포뷰 토
1071,나이가 어려서,fewfaef,fewfae fwe
1072,해당 없음,한국 내 체류 기간이 더 길어서,한국 내 체류 기간이 더 길어서
1073,"한국에 더 오래 체류했기때문에 의사소통, 문화 등이 익숙할것 같다.",해당없음,인가관계가 좋다
1074,체류기간에 대한 것으로 인한 선택,확실한 직업,조선노동당원이었던 경험이 없어서
1077,조선노종당원이 아니어서,자녀가 있다는 점,체류기간이 긴것과 친한지인이 있는 것과 연령이 어린것
1078,북한에서 막 온 사람을 채용하긴 어려울 것 같다,직업이 안정적이고 한국 체류기간이 김,직업이 안정적이고 한국 체류기간이 김
1079,체류기간김,18세에 이혼한 A의 이미지가 별로 좋지 않다,동료관계에서 한국인과 탈북민의 차이
1083,나이가 더 젊고 한국 내 체류 기간이 길어서,노동당출신이아니라,중국체류기간짧아서
1084,나이가 적음,같은 성별의 사람이 편한 편이어서,한국 체류기간이 훨씬 길어서
1086,전문직업에 대한 신뢰도,한국체류기간이 김,한국내 체류기간이 더 김
1087,전조선노동당원이아님,한국생활에 적응된것으로 보임,지식인임에 대한 신뢰도
1091,연령이 젊어서,한국인동료만있어서,전조선노동당원
1094,가정이 있으니까 좀 더 책임감 있을듯,연륜이 있어서,인맥이 좋아서
1096,나이가 많고 직업이 의사이기에,이슬람 남자는 사상이 안맞음,한국 친화적. 잘 적응한거 같음
1098,한국 내 체류기간도 길고 노동당원 경력도 없으므로 마찰 가능성이 보다 적다고 봄.,결혼을 했고 노동당 당원이 아니기 때문,조선노동당원이 아닙
1099,한국체류기간에서 오는 한국 적응도,이웃으로서는 두 표본 간에 큰 차이가 없으므로 무작위로 정함.,직업경험 면에서 나음. 한국 사회 적응 면에서도 7년이상의 한국 경험이므로 12년에 비해 뒤쳐진다고 보기 힘듦.
1101,체류기간은 비교적 짧지만 정착을 잘한 느낑이다,사실 이웃으로서는 전혀 상관없음. 이웃으로 선호하는 사람은 없음,젊은 나이
1110,사회경험이 있다.,다 별로지만 그래도 직업이 확실해서,그래도 선거에서 뽑히려면 체류기간이 있어야 한다
1112,나이어림,한국 거주기간이 길다.,한국 체류기간이 길다
1115,한국 내 체류기간이 상대적으로 길어 한국 사회에 대한 이해도가 높을것 같음.,여성,미혼
1116,선호하는 놈들이 없는데 무조건 뽑게만들엌ㅅ으니,미혼이고 한국체류 기간이 길어 이웃으로서 큰 기복 없이 조용히 지낼 수 있을것같음.,한국 내 체류기간이 더 길어 한국에 대한 이해도가 더 높을것 같음.
1120,한국인 동료가있어서,그냥,탈북민 동료만 있는게아니라서
1123,직업,체류기간이 길어서,한국동료만있어서
1131,전 노동당원이 아닌 점이 그나마 호의적이다.,나이,나이
1133,한국 정치계는 너무 고령화되어 있어서 젊은 세대가 필요하라 것 같다.,한국에 체류기간이 길기 때문에 한국문화도 잘 알고 사람과도 잘 어울릴 거 같아서,한국에 체류한 기간이 7년이면 한국에 대한 이해도가 높을 것이라 생각이 되어서
1134,전향적,이슬람교지만 전문직이라 양성평등적이고 이성적인 사고가 가능할 것 같다.,우리나라 정치는 너무 고령화되어있어서 젊은 세대가 더 유리하다고 판단했다.
1136,나이가 더 젊고 다양한 지식이 풍부해보인다,중국체류기간 짧음,전향적
1140,직업이 좋아서,중국체류기간이 더 적어서 중국의 영향이 적읅서이다,나이가 젊고 직업이 유망하다
1143,사회적 연륜,직업이 좋아서,의사여서
1144,나이가 비교대상 대비 적절함,비슷한 연령대,안정된 가정을 바탕으로 한 신뢰
1149,사회 참여 기간이 길어서,나이,나이가 젊음
1150,경험,결혼 생활로 인한 안정감이 있어서,한국 체류 기간이 길어서
1151,연령이 어리고 인간관계가 더 낫다고 생각,장래성,장래성
1158,그냥,인간관계가 좀 더 낫다 외국인 이웃은 시끄럽다,나이가 좀 더 많고 한국 중국에서의 체류기간이 훨씬 길어서
1159,전 노동당원이라는 것 때문에 A는 꺼려진다,그ㅜ냥,그냥
1162,모름,A가 12년 한국에 체류했는데도 무직이라면 성실하지 않다고  생각되어서,대화를 해도 이질감이 덜할것 같아서
1164,사무직 직원이 프로게이머보단 나아서,모름,그냥
1166,재직,의사가 직업이안정적이어서,직업이 안정적이어서
1167,남성만 필요함,채굴,경험
1175,전문직 자녀있음,국내 체류기간이 길어서 적응이 잘 되어 있음,중국 체류기간이 짧다
1181,직업이있고 연령이 젊어서,전문적인 직업,연령
1182,나이가 어느정도 있는 여성이어서,나이가 젊고 한국체류기간이A에 비해서 오래되서 한국사회를 잘알것 같으므로,특별한이유없음
1184,한국에 어느정도 적응을 했을 것 같아서,직업이 있어서,나이가 어느정도 있는 남성이어서
1190,한국내 체류 기간이 중요하다,가정이 있고 안정적일 것 같아서,체류기간도 길고 연령에 따른 경험이 있을 것 같아서
1191,젊어서,한국내 체류 기간이 중요하다,한국내 체류 기간이 길었으므로 적응력이 낫다고 생각된다
1193,한국내 체류기간이 길다,체류기간이 길고 젊어서,한국인 친구가 많아서
1212,조선노동당원이 아니라서,한국내 체류기간이 길다,한국내체류기간이 길고 종교가 있고 직업이 좋다
1215,능력,체류기간이 길어서,체류 기간이 길어서
1217,이유는 없다,능력 융화,직업이 있고 한국인과도 어울림
1219,체류기간,이유는 없다,이유는 없다
1226,이유없음,나이,미혼
1227,인간관계,이유없음,이유없음
1229,그냥,직업 및 인간관계,인간관계
1230,없음,이유업음,저스트 비코즈
1232,..,약함,한국적응
1233,한국사회에 보다 적응이 되었을것이로 보인다,..,..
1234,직업적 산택,나이가 조금이라도 어려 잠재력을 높이 봤다,"나이가 있지만 전문직에 기혼, 사회 경험이 많다"
1236,여성이라서,연령적 안정,사회성이 있음
1237,그저 잘사기 위하여,나이가 어리고 의사라서,직업이 의사라서
1241,한국 내 체류기간이 길다,오래 생ㄹ할,그저 소소하라게
1244,그래보여서,젊다,남자
1250,머다쿠휴래,그래보임,보기에 좋아보여서
1255,두 프로필이 같은데 같이 선택이 안되어서 A만 투표함,조펴갸초레재,호펴규 냐
1257,혀후스 느마츠,나이가 젊다.,나이가비슷함
1261,그다지 이유없음,체수트 캬,치댜해 조트
1265,조선노동당이 아니다,그다지 이유없음,그다지 이유없음
1267,그래도 전공이 확실해서,조선노동당원이 아님,중국체류기간이 상대적으로 적다
1276,카슈 나겨,한국에 오래 거주하여서,북한과 전혀 관련이 없어서
1278,한국 체류기간이 길어서 적응하는게 더 쉬울것 같다,사 펴마 노대,너텨겨노
1281,중국체류기간이너무길다중국사람인듯?,안정적인 사람같아서,한국에 온지도 오래됐고 한국문화에대해 더 잘알 것 같아서
1282,직무에 따라 다르겠음,둘이비슷해서 그낭,탈북민민지인으로있다는것이좀그렇다
1291,중국에 머문 기간이 짧다,의사,솔직히 둘 다 말이안됨
1296,나이가 어려 오랜시간 근무 가능,직업을 가지고 잇음,한국내 체류 기간이 길다
1299,중국 체류기간 차이,성장 가능성이 높다,직업이 마음에 들어서
1300,젊어서,중국 체류기간이 짧다,중국 체류기간이 짧다
1303,이미 의사로 안정적이다,의사 라서,젊고 의사라서
1304,조선노동당원 아니기 때문,둘다 비슷하나 b가 좀 나아보인다,이미 안정적으로 검증이 된것같다
1305,보유 역량이 더 우수해서,조선노동당원이 아니라서,북한 체류 적게 해서
1307,둘 중 그래도 경험있는 고령자 선택,직업이 흥미로워서,보유 역량이 더 우수할 것 같아서
1311,여성은 옹졸해서,둘 중 그래도 경험있는 고령자 선택,둘 중 그래도 경험있는 고령자 선택
1312,없음,탈북민 혐오,여성혐오
1316,직업도 있고 북한이탈후 체류기간 짧아서,없음,없음
1317,선택의 여지가 없음,한국내 체류기간이 김,한국에 거주한 기간이 길어서
1323,미혼이라 조금 더 오래 일을 할 수 있을꺼 같습니다.,둘다 이웃으로 부적격,결혼한 남성
1324,조금 더 신뢰,의사여서 조금 더 도움이 되지않을까 싶습니다.,체류기간에서의 차이
1326,이혼 경력으로,더 신뢰,더 신뢰
1343,노동당원아 아닌것,기간에 비해 한국인 동료가 없음,북한인동료가 있으면 조금 기간대비 너무 폐쇄적이여서
1352,노동당원이 싫다,한국인친구있음,한국인동료
1360,A보다 상대적으로,연령대가 비슷한 사람,체류기간이 긴만큼 한국 사회를 좀 더 알것 같아서
1361,더 전문지식이 높아 보임,이웃이니깐,상대적
1363,전문직업이 있어 정착을 잘 할 것,자녀가 없어서 더 조용히 지낼거 같다,조금 더 전문적인 직업을 가지고 한국에 더 오래 거주하였다
1366,최근에 북한에서 왔기에 북한에 대한 신선한 얘기들을 많이 들을 수 있을 것으로 기대한다. 게다가 나이가 더 젊다.,나이가 젊어 발전가능성,안정적인 생활환경
1368,그냥그렇다.,18살이라는 나이에 결혼도 하고 사무직 직원인 것을 고려하면 능력이 출중하기에..,직업이 의사이기도 하고 한국인과 탈북민 동료가 모두 있다면 양쪽의 의견을 모두 알고 있을 것이기에..
1369,결혼과 이혼은 상관없고 더 젊은 사람이 비전이 있다고 생각하므로,그저그냥입니다.,선택의여지가없음
1370,탈북민과 혼인했는데 한국인 지인만 있다는 것에서 오류가 발생해서,그나마 한국인 동료가 있어서,친북한 성격이 제일 덜할 느낌이라서 그리고 우리나라에 도움이 되어서
1389,기혼자로서 안정적인것 같다.,18살인데 결혼해서 벌써 애도 있다 잘해주고 싶다,한국에 오래 있었다
1390,의사라는 직업이 좀 더 도움이 될 듯 하다.,"여서미고 고령자이기 때문, 개인적으로 이슬람 신안을 가진자는 비호감.",더 젊고 안정적이라고 생각
1393,직업이 확실함,외로울 것 같아 말벗이 되어주면 좋을 듯 하다.,"자녀가 없고, 직업이 특수하지 않아 공감대가 더 높을 듯 함"
1412,태키툐카루 해이무,연령이 있음.,인간관계의 폭이 좁다
1414,한국 체류기간이 긴 편,커세 카 겨 튜,샤 슈태
1415,젊다,젊고 미래가 있으며 전문직,이슬람교를 선호하진 않지만 한국내 체류기간이 충분하여 한국문화에 적응한 상태
1416,결혼이라는 공감대가 있어서요,체류기간,젊고 체류기간 오래됨
1417,그냥 생각에 괜찮을 것 같아서,체류기간이 긴점이 참작되어서요,한국에 오래 있는것 같아서요
1426,"다른 조건이 비슷하므로, 어린 직원이 나음",특별한 이유 없이 그냥 선택하라고 해서,그냥 생각에 더 나을 것 같아서
1428,체류기간도 길고 직업이 있어 좋음,체류기간 긴 쪽이 나음,한국내 체류기간이 짧은 자를 투표할 수 없음
1435,무직보단 나을거 같아서,체류기간은 없지만 나이가 젊어 채용하기에 좋음,한국체류 기간이 길어 문화에 잘 알것같음
1437,한국 문화에 적응 정도,B는 탈북민 친구가 있어서,B는 나이가 너무 적다
1438,모르겠네요,적응도가 높을 것 같아서,"자기 직업이 있으며, 능력이 있고 잠재력이 있을 것 같아서"
1441,나이가 더 어리다,모르겠네요,잘모르겠네요
1447,직업,직업때문에,한국 내 체류 기간이 더 길다
1450,나이가 어리기 때문,친근,나이가 젊어서
1461,나름 엘리트이다,한국 체류 기간이 길기 때문,한국 내 체류 기간이 길고 의사이기 때문
1466,뇨무제키푸,엘리트라,나름 엘리트이기 때문에
1470,가능성,갸효 뱌,투주러규
1472,추아 사 브야,성공가능성,성실하다
1473,전 노동당 당원으로서 자질을 인정 받았을 것 같아서,트야 야헤키,재쥬재
1474,나이,여성이고 한국 친구등 두루 있어서,인간관계를 중시해서
1475,그냥,친구 구성,직업
1476,의사는 내가 고용할 사람이 아님,그냥,dd
1481,처샤어구시,안정된 직장,직장인
1487,프로그래밍을 할 줄 알아서,코바 에됴 내 차샤,효슈로케텨 겨 누
1492,체류한지 12년이 되어 한국생활에 많이 익숙해졌을 것이다,중국에 오래 거주하지 않아서,한국 내 체류기간이 길어서 더 많이 한국의 정세에 대해 알것이라고 판단함
1500,나이가 많고 자녀가 있다는점..,프로필A의 나이가 조금 더 적당한 것 같다,전문직 여성으로 사회에 더 필요한 인재가 될 것 같다
1501,없다,B는 공산당 물이 덜 드렀다..,한국인 동료가 있다는점..
1502,전문직이라서,없다,없딘
1503,딱히 없음,직업이 안정적이여서,b보다는 우리사회에 잘 적응할것 같아서
1506,젊음,딱히 없음,딱히 없음
1507,직업,젊음,젊음
1508,a는 북한에서 당원인것이 걸림,한국 체류 기간,나이
1511,당원출신 은 보안위험이있어서,한국 체류 기간이 더 길다,둘다 비슷해보임
1512,체류기간 길어서,신뢰적이어서,편해보여서
1513,한국에 안정적으로 정착한것으로 느껴짐,온지 얼마 안되서,젊어서
1514,실리,여성이라 잘 통할 것 같음,노동당원이라는게 걍 걸림
1515,아직 무직이지만 젊고 앞으로에 펼쳐나갈 미래와 희망이 있다,민주,신리
1516,프로필A가 한국에 12년을 거주했는데 탈북민 지인만 있는게 별로임,중국에  채류기간이 짧고 종교가 천주교라서,둘중 그래도 낳다
1519,한국체류기간,의사라서,조선노동당원이 아니었음
1521,한국인 동료가 잇고 직업도 좋아서,체류기간한국,한국체류기간때문
1522,제 생각,한국내 체류기간이 길고 인맥이 형성되어있어서,한국인 동료가 있어서
1523,내가 하는 일이 남자가 더 적합할거 같아서,체류12년,내 생각
1525,노동당원은 뽑기 싫다,의사라서,여성정치인이 많아 졌으면 좋겠다 북한 여자을 대변해 줄수있을꺼 같아
1526,별 뜻 없음,한국생활이 부족함,노동당원은 뽑기 싫다
1527,나이,인맥 관계,인관관계
1528,딱히 의견없음,한국 체류기간이 길어서,나이
1529,자녀가 있어서,딱히이유없음,딱히 의견없음
1530,젊음,한국 체류 기간이 길고 직업이 있어서,한국내 체류 기간이 rlfdjtj
1532,젊다,젊음,직업
1533,나이 가족모두있기에,젊다,편견이 적다
1534,오래 거주한 사람,비슷한조건이므로여성,결혼했기에
1535,아무래도 나이가 젊으니까,체류기간,결혼
1536,체류기간이 길어서,인생 경험이 많으시니 대한민국과 다른 문화를 접할 수 있을 것 같아서,"대한민국의 지방 선거이므로, 대한민국의 현상황에 대한 이해도가 있어야 한다고 생각한다. 그런데, 프로필B는 A에 비해 인맥도 탈북민만 있고, 체류기간도 짧고, 나이도 어려 대한민국의 지방민을 대표하여 정치적 행위를 할 수 있을까라는 우려가 있다."
1537,딱히 없음,체류기간이 길어서,경제적이 있기때문에
1538,자녀도있고연령이 젊어,딱히 없음,딱히 없음
1539,국내체루가 많아서,탈북민동료가없음,자녀가 없고 고육수준이 높음
1542,북한에도 컴퓨터 프로그래머가 인기 직종인지 모르겠지만 활용하기 좋을 듯싶어서,국내에 오래살아서,나이가 많아서
1543,결혼한 여성이고 자녀가 있기 때문에 성실히 일할 것 같음,내가 컴퓨터에 능하지 못해 도움이 될 듯싶어서,직업이 사람들에게 도움이 될 것 같고 타이는 없지만 조금 젊어서
1544,느낌,주변에 한국인 동료들이 많아 한국 정서가 있을 것 같음,한국 체류기간도 길고 한국인 동료가 있기 때문
1545,특별한 이유 없음,느낌,느낌
1546,유경험자,특별한 이유 없음,특별한 이유 없음
1548,한국에 오래 살아서,고급인력,중국 체류가 짧음
1549,이슬람인들은 선호하지 않음,나잇대가 괜찮아서,배경이  괜찮어서
1550,직업,체류기간,직업
1551,연륜이있다,직업,직업
1552,경력,솔직하다,여성이중요하다
1554,대화가 통할듯,의사엿고 여성이라서,한국체류기간이 길어 문화와 생활에 적응되었다고 생각
1555,내맘,대화가능,체류기간이 더 오래됨
1556,한국에서 장기거주하고 잇으며 지인이 많음,의사 약사 이런것들은 매우 싸가지가 없다.,내맘이 그렇다.
1557,전조선노동당원이 아니어서,한국에 거주한 기일이 짦지만 향후의 역할이 기대됨,인맥관계의 원활함
1559,인간관계무난,18세 여성이라,한국인동료가 있어서
1560,젊고 능력있음,직업,직업이안정적
1561,직업,체류기간,상대적 체류기간
1562,의사이기에,직업,직업
1563,자녀,나이가 적절함,3년적응으로 현실감 있음
1565,한국체류기간이 길다.,인간관계,인간관계
1567,능력이 더 좋아보여서,결혼으로 가족이 있음,노동당당원이 아니였다.
1568,그에게 더 신뢰가 감.,체류기간이 더 길어서,체류기간이 짧아서
1569,직업,그가 더 좋아보여서,특별한 이유는 없음.
1570,특별한이유는 없음,직업,연령
1571,한국에 적응을 잘한듯함,종교가 마음에들어서,직업네대한 신뢰도가 좀더있어서
1573,신뢰,의사라서,한국에 오래거주
1574,B보다 상대적으로 낫다,신ㅇ뢰,신뢰
1575,체류기간,중국 체류기간이 짧아서,A의 중국 체류 기간이 너무 길다
1576,연령이낮아서,체류기간,한국체류기간
1577,현재 직업이 전문직이다,편의점직원,한국인동료만있음
1578,특별히 없음,전 조선노동당원이 아니다,연륜이 있어보인다
1579,..,특별히 없음,특별히 없음
1580,나이가 더 어림,...,한국에 장기간 정착
1581,교육정도,안정적인 가정으로 성실함과  나이가 어림,조선노동당원이 아님
1582,그냥,안정된 직업,체류기간이 상대적으로 길다.
1585,없음,그냥,그냥
1586,직업이좋아서,없음,없음
1587,한국에 체류기간,체류기간이 길어서,한국체류기간이 길어서
1589,한국에 체류한 기간은 얼마되지 않지만 중국에서 오래 생활해서 경력은 있을거고 기술자에 상대적으로 젊으므로,국내 체류기간,사무직 직원으로 안정된 직업
1590,한국 체류기간이 더 길어서,안정적인 삶을 살고 있으므로 물의를 일으킬 확률이 적고 연령대가 비슷해서 친구가 될수 있을 것 같음,"사회적 지위도 있고 연령도 적당하며 자녀가 있으므로 교육,사회적문제에 관심이 많을 거라 생각됨"
1591,체류기간 시간,한국내 체류기간이 더 길어서,한국내 체류기간이 길어 한국에 대해 좀더 잘 알것이며 노동당원이 아니라는점 때문에
1592,없다,중국체류기간,중국체류기가 짧아서
1593,딱히 이유 없음,없다,없다
1596,자녀에 대한 책임감과 주변 사람들과의 친밀도가 높아서,딱히 이유 없음,그냥 프로필 B가 더 선호가 가서
1597,지인이 없음,어느정도 한국에 익숙한 사람이 이웃이라면 더 좋을 것 같다,결혼을 하고 정착하여 한국인들과 잘 어울리는 것 같아서
1598,성격이 무난할것 같음,한국인 동료만 있다,나이가 젊다
1599,그냥 입니다,여러 지인을 사귀는건 성격이 원만 하다는것,한국인 동료도 있고 의사로서 많은 사람을 접해보아 한국 실정을 잘 알것 같음
1600,그래도 남성다는 여성이 낫다,그냥 입니다,그냥 입니다
1601,한국인 동료만 있다에서 선택했음,참 대답하기가 어렵네. 모르겠다고 할 수 있다.,여성이라서. 남성은 믿을 수 없다.
1602,나이. 직업. 한국체료기간이 마음에 든다,중국체류는 길었지만 직업도 안정적이고 탈북민여자랑 결혼하지 않았고 한국인동료만 있다에서 선택,한국내 체류기간도 길고 한국인동료만 있고 중국내체류기간고 짧고 나이도 어느정도 있으셔서 선택함
1603,중국은 공신국가이므로 힌국에 대한 이해가 낮을 수 있으므로,결혼한 사람이라는 점,탈북민 동료가 있다는게 좀 걸리고...직업이 없어서.
1604,나이가 적은 전문직이니까,한국의 사정을 이해하고 있을 수있기때문,한국의 사정을 잘 알고있을것같음.
1605,일을 잘 할것 같아서,한국 체류기간이 길어서 우리사회에 익숙하니까,한국체류기간이 긴 사람이 한국을 더 잘 알 수 있으니까
1606,아무이유가없다,이웃과 친하게 지낼것 같아서,젊어서 일을 잘 할것같아서
1607,한국 내 체류기간,없다,아무런이유가없다
1609,한국에 체류한 기간이 더 길어서,중국 체류기간,한국 내 체류기간
1610,한국체류기간이 b가좀더 길어서 여기가 더 좋아 보이네요,여성이고 젊어서,한국에서 산 기간이 더 갈어서
1611,상대적이어서,여자인점 그나마 중국에서 체류기간이좀 있었던점,일단 직업을 가지고 있고 여성인점 체류기간도 좀 있구해서요
1612,다양한 사람들이랑 친하게 지내서 직장내에서 인간관계를 잘할것 같아서,상대적이어서,젊어서
1613,나이가 많은 남자보다 대하기 편하다,직업이 안정적이어서,친하게 지내는 동료가 다양해서
1614,똑똑함,같은 성별이라서 조금은 편할듯,탈북민과의 결혼여부
1616,연령,똑똑함,똑똑함
1617,나이 때문에,인관관계,직업
1618,체류기간이 길다,선택지가 그것 뿐이라서,한국에 오래 살아서
1619,프로필a는 고연령으로서 민주주의 사회에 대한 적응력이 부족할 것이라고 판단됩니다. 프로필b는 젋은 연령이고 비교적 최근에 이주한 것이라서 민주주의 사회에 대한 적응력이 프로필a에 비해 월등할것이라고 판단됩니다,둘다 같다,직업이 있고 한국에서 체류기간이 길다
1620,사교성이 있고 가정이 있어서 일에 책임감 있을것 같아서,다 똑같은 상황인데 단한가지만 틀린점이 있습니다 그것을 매우 중요하게 생각해서 입니다,민주주의사회에서는 일정수준이상의 교육을 받은자가 사회 구성원이 되는 경우가 많아야 하고 그러해야 합니다 현재 무직이라는 것은 일정수준의 교육을 이수하지 못 한 경우가 대부분이라 부정적으로 생각됩니다
1621,컴퓨터 관련 업종으로 일해서 서비스 업종에 능숙해서,가장으로 책임감,젊고 일할여건이 좋음
1622,한국 체류기간이 길다,한국인 동료들이 많아서,한국 교류 기간과 한국인 지인들이 많아서
1623,한국거주기간이 길어서,직업이 안정적이고 한국체류기간이 길다,한국인과 탈북민들과의 친분관계
1624,직업 선호,한국채류기간이 길어서,노동당원이 아니어서
1625,여성이라..과격하지 않을것 같아서,체류기간 선호,직업 선호
1626,중국 체류기간이 짧음,여성이라서,나이가 젊고 한국에 체류한 기간이 길어서....
1627,나이가 젊어서 입니다,한국 체류기간,체류기간
1628,신뢰,a보다도 안정적으로 보임,여성이라서입니다
1630,의사라서 호감,믿음 신뢰성,믿음이가서
1631,한국 체류기간이 길어 새로운 직장이라 하더라도 적응을 비교적 잘할 것 같다,젊은 사람이라서.,연령대
1632,없음,나이가 있는 분보다 조금 더 젊은 인력을 선호할 듯 하다,경험과 나이가 잇어 조금 더 신뢰가 간다
1633,18세에 의사가 될 수 없다.,없음,없음
1634,노동당원이 아니어서,직장 있음.,18 세에 으사가 될 수 없다.
1635,그냥,안정된 가정?,A는 최근에 도착해서 정착에?
1636,직업이 안정적임 그런데 나이가 18세인 것이 이상함,그냥,그냥
1637,남성이므로,젊음,북한을 이탈한 후 지낸 기간이 길다
1638,여자이고 직업이 의사라 일을 잘 할 것 같다.,자녀가없기때문에,자녀가없기때문에
1640,중국체류기간 확인,여성 이웃이 더 안전하게 느껴진다,한국 체류기간이 길다
1641,한국내 체류기간,조선노동당원 여부,중국체류기간 확인
1642,무직이기 때문,한국내 체류기간,한국인 동료가 있어서
1644,컴퓨터프로그래머라는 전문직이 있는만큼 사무능력이 뛰어날 것같아서,무직이기 때문,의사라서
1645,연령,비록 한국 체류기간은 짧지만 중국 체류기간도 역시 짧아 중국이라는 나라의 때가 묻지 않았을 것같아서,비록 무직이지만 한국 체류기간이 길어 우리나라 사정에 조금이라도 밝을 것같아서
1647,안정적이어서,인맥관계,현재 직업
1648,나이가 더어려서,안정적이어서,마음에들어서
1649,직업,직업이 의사여서,그래도 직업이 있는 사람이여서
1650,고령이나 한국체류기간이 12년이고 컴퓨터 프로그래머의 기술이 있어 건강상 문제가 없으면 사무직으로 적당할것같음,노동당원,직업
1651,전문직,27세중 중국체류12년 한국생활12년이면 북한사람이라기보다 한국 젊은이라해도 무방함 그러나 무슬림이라는 한계가 있슴,7년정도의 체류기간으로 우리나라에대한 이해도가 높을것이고 나이가 65세인점
1652,의사라,최근에 도착해서 조심스러울것 같다,현재직업
1653,한국체류기간,의사라서,노동당원이아니라서
1654,국내체류기간,한국체류기간,한국체류기간
1655,직업,한국 체류기간,생활력
1656,한국을 이해하고 있음,직업,중국 거주기간과 직업
1657,호감이 감,18살에 의사가 될 수 없다,젊고 기술이 있다
1658,젊어서 문화를 빨리 배울것 같다,좋아서,호감이 감
1659,a가 더 잘할꺼같음,주변 동료가 많아서,한국 조직 문화에 대하여 더 잘 알것 같다
1660,한국인 동료만 있다는건 좀 더 한국에 잘 적응한게 아닐까싶어서,b가 더 좋아보임,둘다 별로지만 a가 그나마 나은거같아서
1661,남성  취직,딱히 이유는 없음,a가 한국을 잘 아는 더 잘 아는 사람일 가능성이 높기 때문
1663,결혼을 한 상태라서,전문성,보다 젊어 발전 가능성이 있슴
1664,재직 할 수 있는 기간,남성,의사
1665,중국체류기간,체류기간이 길어서,체류기간이 길어서
1666,나이가 어린 점,중국체류기간,한국체류기간
1667,더  안정된거같아서,연령대가 맞아서,직업이 있는 점
1668,성격이 좋아보인다,더 안정적으로보여,더  안정적으로보여
1670,연령,성격이 좋아보임,보수적이지 않을거 같다
1672,한국인 인맥에 결혼하였고 나이도 적당,연령,노동당원이 아니라서
1673,안정적,남성이고 같은연령대,한국체류기간이 오래되 여러사정을 잘알수있을것같음
1674,"탈북민과 결혼 하지 아니하였고, 현재 직업이 있어서",안심,안정적
1675,한국내 체류기간을 참고,노동단원이 아니었다,"조선노동당원 아니었고, 중국 체류 기간이 짧다"
1676,오래전 탈북,"여자이고, 나이가 더 어려서",한국내 체류기간을 참고
1677,신앙,여성,조선노동당 당원이 아니었음
1678,직업이 확실,온앤체류,안정적
1679,여성이기 때문,직업이 확실,직업이 확실
1680,"전문직,나이기 어림",최근에 도착하고 나이가 있음,연령이 많고 전노동당당원이 아님
1681,체류기간이 오래되어서 한국을 좀알것같다,결혼,오래살았고 자녀있음
1682,나이,나이가 말해준다,직업적으로 안정되어서
1683,나이가 젊은,나이,나이
1684,직업적절실함,한국 체류기간,한국 체류기간이 길다
1685,일하룻 있는 나이,직업적안정감,직업적 안정감
1686,친한지인이있대서,사회의 경험,중국생활에세 배운것이 있어서
1689,체류기간,프로그래머라서,한국체류기간이 더길어서
1690,기냥,의사,여성
1691,그냥,기냥,기냥
1692,한국에 온 지 더 오래여서,그냥,그냥
1693,나이,인간관계에서 지인 몇 명이라서,직업이 의사라서 능력이 나을 듯 하여
1695,더 안정적으로느껴짐,나이,나이가 들어서
1696,적당한 연령,더 신뢰가 감,자녀도있고 더 안정적일듯
1697,나이가 젊어서,한국에 체류기간이 길다,연령이 적당
1698,체류기간,여성이고 자녀가 있어서,한국에 체류한 기간을 보고
1700,한국 체류 기간,체류기간,인맥
1701,현재직업이있으므로,직업,직업이 있어서
1702,사회경험이많아서,한국체류기간이길어서,체류기간
1705,전 조선 노동당원이 아니다,경험이많아보여서,한국인 탈북민 모두 있어서
1706,직업이 있는것으로 보아 능력이 있을 것 같아서,편의점 직원보다는 사무직 직원이 낫다.,편의점 직원보다는 사무직 직원이 낫다.
1707,어느 정도 지식이 더 뚜렷한 것 같아서,이웃에 남성이 사는 것을 선호하지 않는다,한국내 체류기간이 길어서
1709,한국 체류기간이 길어 한국을 이해하는 정도가 큼,프로필 B가 조금더 책임감이 강할 것 같아서,프로필 B가 프로필 A보다 전문적으로 지식있고 리더십이 있을 것 같아서
1710,연령,결혼,결혼을 해서 안정적인 가정이 있음.
1711,한국에서의 체류 기간이 길다,체류기간이 길어 사회에 좀더 융화적,한국체류기간이 길러 한국 정치에 더 적합할것이라 생각
1712,조금 나아보여서,한국 체류기간이 길다,한국 체류기간이 길다
1714,친한지인이 있어서,조금 나아보여서,더 좋아서
1716,한국내에서 7년의 청소년기를 보냈으니 한국식 사고가 가능할것 같다,노동당원이 아니라서,친한지인이 있어서
1717,한국체류기간이 길어서 사회에 대한 이해가 높음,가정을 가지고 있으므로 이웃에 있더라도 불편함이 없을 것 같다,가정을 꾸리고 있으므로 사회적응을 잘 할 것 같다
1718,더 젋다,젊은 사람 선호,사회에 대한 이해가 높음
1721,나이가 어리기 때문,ㅛ,끌리다
1724,여자라서 더 보호해야할 것 같아사,여성익라서,일단 A는 나이가 너무어리다.또 B는 현재 한국의 실상을 어느정도 알고 있다는점
1725,그냥,나이가 있으니까 더 편한 삶을 사시라고,투표해야 할 정도면 나이가 어느정도 있어야 경험과 지혜가 있을 것 갗아서
1726,좋아요,잘할것같다,체류기간이 길어서
1727,젊은 남성 직업이 있다,지식인,지식인
1728,체류기간이길어서,가정 있는 안정적,남성으로 직업이 있어서
1729,B가 더 젊기 때문,젊어서,직업이있어
1730,적극적,A가 젊기 때문에,A는 탈북민 동료만 있는 부분이 믿음직 스럽지 못하다고 느껴진다.
1733,한국 내 체류기간이 길고 직업면에서 뛰어나기 때문입니다.,친화력,창의적
1734,조선노동당원은 싫다,한국 내 체류기간이 길고 직업이 확실하기 때문입니다.,한국 내 체류기간이 길고 인맥도 다양하여서 입니다.
1735,꼭 필요한 사람일 수도 있다.,18살의 의사라면 엄청난 천재인데 이웃으로 있으면 좋을듯하다,좀더 젊은쪽이 북한의 사상에 덜 오염되었을것같다
1737,한국에 오래 살아서,생활이 안정적으로 보인다.,기본적인 경력이 마음애 든다.
1738,노동당원이 아니어서,한국체류가 더 길어서,전노동당원이 아니고 어려서 문화를 받아들이기 쉬울거 같아서
1740,"적응기간이 길고 ,미혼이나 자녀가 있으므로, 책임감이 크다.",한국인 이웃만 있음,나이도 어리고 직업도 있고
1741,더 낫다,의사로서 충분한 교육을 받았고 젊다.,한국사회적응기간이 길다.
1742,나이가 젊어서,더 낫다,더 낫다
1744,B보다 나은 것 같아서,한국에 오래살아서,직업이 좋고 한국인 동료만 있어서
1746,나이가어려 습득력이 빠를것 같다,B보다 나은 것 같아서,A보다 더 나은 것 같아서
1747,여성이고 의사라는 직업경험이 있어서,여성이어서,중국체류기간이 더짧아서
1748,이유업,모든 프로필이 더 맘에 들어서,젊고 여성이어서
1749,직업,없음,이유없음
1750,놀놀,탈북친구가 없어서,직업이 의사라서
1751,특별한 자격 요건을 갖춰야 하는 직업을 가지고 있음,놀날,몰놀
1752,한국 체류기간이 길어서,전 조선노동당원이 아니어서,나이가 젊고 한국에서 체류기간이 길어서
1753,적당한 연령대,인맥과 여성,나이와 결혼중
1754,한국에 오래있었고 노동당원 아님,적당한 연륜,젊은 나이
1755,채류기간이 길다,친화력도 있고 능력도 있음 발전가능성도 많음,아직 젊고 발전 가능성이 있음.
1757,인맥관계 체류기간,채류기간이 길다,한국인과화합
1760,비가 더 별루라서,자녀가 있고 연령,인맥관계
1761,비교적 젊은 전문인,둘다 별루 선택의 여지가 없어서,비가 더 별루라서
1762,탈북후 중국 체류 기간이 짧고 대인관계가 좋와 친구가 많은점,젊고 직업을 가졌다,전문적지식 존중
1763,혼인,어느정도 가정을 가지고 안정된 생활을 하고 있기때문에,비노동당원 이었기때문에
1764,직업,당원여부,당원이
1765,일을 더잘할거 같음,나이,직업
1766,한국 생활이 익숙할 것 같아서,남자는 왠지 걱정,18살은 너무 어리다
1770,긴 체류기간,조선노동당원이 아니여서,전문적인 인력에 전조선노동당원이 아니여서
1771,탈북인 동료,연령이 낮아서,체류기간이 길어서
1772,한국 체류기간이 길어서,결혼,한국친구 있음
1773,그냥,결혼 직업 체류기간,상대적으로 B의 나이가 너무 어림
1775,나이가 어려서,어차피 거기서 거기,좀더 나아보임
1778,한국내 체류기간이 길어서,자녀가잇어 안정적일것같아서,그냥 무난하다
1779,젊어서,전노동당원 이어서,북한이탈후 체류기간 이 길어서
1780,모름,젊어서,젊어서
1781,사무직,모름,잘모름
1782,직업이 전문직이라 선택,의사,직업
1783,긴 체류기간,나이가 적다 한국 내 체류기간이 길어 적응이 완료됨,둘 중 중국 체류 기간이 다소 짧다. 나이도 적다
1785,노동당 당원 제외,나이가 많아서,긴 체류기간
1786,한국체류기간이 길어서,노동당 당원 선호하지 않음,노동당 당원제외
1787,나이가 젊어서,연령이 젊어서,둘중에 젊고 한국체류기간이 길어서
1788,가족없는 고령자,한국인과 탈북민 모두 친구가 있기에,특별한 이유는 없으며 다만 나이가 더 성숙한다고 생각되어
1789,좀 더 나은것 같다,자녀가 있는데 무직,확실한 직업이 아님
1790,도움이 될거 같아서,좀 더 나은것 같다,좀 더 나은것 같다
1791,현재 직업,도움이 될거 같아서,도움이 될거같아서
1795,연륜에 의한 경험 중시,현재 직업,한국 체류 기간
1796,나이,직업도 있고 한국거주기간도 오래되어 신뢰함,나이나 한국 거주기간이 더 신뢰
1797,한국에 오래있어서 문화에 익숙,체류기간,체류기간
1798,한국 체류기간이 길어서,자녀가 있고 더 오래 한국에 체류했다,노동당원
1799,신앙을 가지고 결혼을 한 안정적인 남자 사상적으로도 믿을 수 있다.,여성이라서,여성이라서
1800,만족,한국내 체류기간이 오래되어 한국을 어느정도 이해하고 있을거라고 생각한다.,젊고 프로그래머라 미래 가능성이 있다. 북에서 신앙을 가지려면 목숨을 걸어야 한다고 들었다. 대단한 믿음이다.
1801,한국내 체류기간이 10년 이상으로 매우 길고 전문적인 직업을 갖고 있음,만족,탈북 무관련
1802,나이어림,한국 내 체류 기간이 더 길고 친한 지인도 있어서 한국을 잘 알 것 같다,안정적인 직업과 친한 한국 지인들이 있어서 좀 더 성실할 것 같고 믿음이 간다
1803,느낌,한국인 동료,자녀있음
1804,맘에든다,조아요,경륜
1805,젊잖아요,맘에든다,맘에드는사람
1806,나이,순수해 보여서,북한 이외에 아직 물들지 않았다
1807,한국 정착기간과 가정이 있다는 점,나이,나이
1808,조금 더 젊고 형재 일자리를 갖고 있어서,한국체류기간이 긴 것으로 보아서 한국인과 교류가 많았을 것 같아서,일단 B는 나이가 너무 어리고 한국체류기간이 너무 짧음
1809,중국체류기간짧음,젊어서,한국체류 기간이 길어서
1810,한국내 체류기간때문에,이혼안함,현재직업있음
1811,좋은직업,한국내 체류기간,한국내 체류기간이 오래되서 정서를 알것 같아서
1812,기타,미혼,한국에  체류한 기간
1813,젊은,기타,기타
1814,젊음,이혼,여성
1815,경험이 많을것 같아서,비슷한 나이라서,한국 사회에 더 적합함
1817,더 나아서,한국에 오래 있어서,나이가 어려서
1818,직업,괜찮아 보여서,그냥 좋아보여서
1819,한국 내 체류기간이 길어서,전 노동당원이 아니었음,한국인 동료
1821,나이가 어려서,한국 내 체류기간이 길어서,한국 체류기간이 길어서
1822,나이,노동 당원이 아니라서,노동 당원이 아니기 때문에
1824,인맥이 무난함,연륜,살아온 연륜과경험
1825,한국내 체류기간이 길어서 좋다. 당원이 아니어서 안심이 된다.,인맥이 무난,노동당원이 아니다
1826,"전 조선노동당원이 아니며, 한국 내 체류 기간이 더 길다.",한국 체류기간이 길다. 당원이 아니었다.,A는 연령이 너무 낮다.
1827,의사 전문 지식을 갖추고 있기에,"전 조선노동당원이 아니며, 탈북민과 결혼하지 않았기 때문이다.",한국 내 체류 기간이 더 길기 때문이다.
1831,나이,나이가 있고 한국 체류 기간이 길어서,젊어서
1832,아직 더 젊기 때문에,편한느낌,연령
1833,한국 체류기간,한국인 동료가 있기때문에 더욱 친근하게 다가갈 수 있을것 같아서,한국 체류기간이 길어서
1834,삶에 노하우라고해야하나 그런게 있어서 잘할꺼같음,한국 체류기간,체류기간
1837,한국내에 오래 살아서,특별한 이유는없음,탈북7년인데 탈북민친구만 있다는게 이상해요
1838,B가 우리사회에서는 더 필요한 사람 같음,중국 체류기간 짧음,18세에게 어떻게 투표를 하나요
1840,체류기간이 더 오래되서,남성보다 같은 여성이 이웃으로 있는게 더 좋을것 같아서,한국에서 더 오래 살아서 잘 알기 때문에
1842,어릴때 탈북했기에 자유에 대한 소중함을 알 것같아서,직업이 의사이고 한국인 동료도 있어서,한국인 친구도 있고 체류기간도 3년이나 되서
1844,한국에 더 오래된 사람이다,국내 체류기간이 길어 우리 정서와 별반 다를 것 같지않아서,국내 체류기간이 길고 젊어서 왔기에 정서적으로 이미 적응했을 것같아서
1845,직업있는 것 때문에,중국에 체류가 긴 사람은 거른다,한국적이다
1848,그냥,부드러운 면이 더 있을것 같아서,선한 경력이 엿보여서
1849,노동당원 아니여서요,그냥,그냥
1850,한국 실정을 잘 알기 때문,노동당원 아니여서요,나이
1851,나이,경험,젊고 경험
1853,그냥 좋아보여서,성별,한국내 체류기간이 길다
1854,직업이 의사인 사람이 좀 더 지식 습득에 도움이 될 것 같아서,좋아보여서이다.,한국인동료만 있는게 보기좋아서
1855,직업이 있어서,전에 조선노동당원이 아니었기 때문,이혼을 해서
1856,없습니다,한국인 동료가 있어서,직업이 의사여서
1857,나이가 어려서,없습니다,없습니다
1859,중국 체류기간이 길긴 하지만.. 한국 체류기간이 더 길고 전문직이라..,나이가 어리고 의사라는 전문기술을 가지고 있어서,북한에서는 나름 많이 배운 지식인이므로
1860,모든조건에 충족되며 결혼으로 안정적,국내 체류기간이 12년인데..  인간관계가 원활하지 않음,비슷한 조건.중국체류기간은 같은데.. 한국 체류기간은 더 길고..전문가임
1861,좀 더 젊은 사람을 채용하고 싶어서,한국내 체류기간이 많으므로 안정적 삶을 영위,안정된 직업을 가지고 있으며 남북한 동료가 있는 사교성
1863,체류기간,사회활동을 하는 사람이 이웃간에 예의가 더 있을 것 같아서,한국에 더 오래 거주하였으므로
1864,한국에서 체류기간이 길어서,나이,체류기간
1866,연령,체류기간이 있으니 한국의정서에대해 익숙할거 같아요.,전 조선노동당원이니 사고하는 관점이 불편할것 같다.
1867,그나마 나음,한국에 체류기간,한국체류기간
1868,조선노동당원이 아니라서,좀더 나음,체류기간
1869,인맥,중국체류기간이 더 짧아서,한국 체류기간이 더 길어 소통이 원활할 것 같아서
1870,체류기간도 길고 모든 동료도 있다고해서 입니다,인맥,한국체류기간
1871,기혼,괜찮아 보여서 입니다,동료가 모두 있다하니 괜찮을것 같아서 입니다
1872,나이도 어리고 한국에 대해서 경험이 오래됐기때문,여성이라서,체류 기간이 길어서
1874,인간관계,연령이 비슷해서,한국에 대해서 조금 더 잘 알 것같다.
1876,둘중낫다,한국 내 체류기간,한국 내 체류기간
1877,나이가 어리고 직업도 좋아서,그나마 낫다,체류기간
1879,미혼이기 때문에,여러 동료들이 있고 직업이 있어서,한국에 오래 거주해서
1880,직업,중국에서 체류하지 않아서 더 호감이 감,중국에 체류한지 얼마 안돼서임
1881,컴퓨터 그래픽,한국체류기간,한국내 체류기간
1882,전문직,미혼 남성에 의사,비가 더났다
1883,여자,한국인 친구가 있다,둘다 선택을 원하지않는다
1884,그저 그렇다,여자,직업
1885,나이가 젊어서,그저 그렇다,그저 그렇다
1886,잘 어울릴 것 같아서,한국내 체류기간이 길어서,결혼을 하였고 자녀가 있어 책임감이 있을 거 같아서
1888,한국체류기간이 길어서,연령대,잘 어울릴 것 같음
1889,나이가 많기 때문에,나이와 직업이 맘에 들어서,나이가 적당하고 노동당원이 아니어서
1890,직업이 의사이고 자녀가 있어 믿음이 간다.,나이가 많이 때문에,나이가 많기 때문에
1891,한국체류기간이 오래됨,인간관계가 좋을 것 같아서,한국체류 기간이 길고 인맥이 넓어서
1892,중국 체류가 짧아 중국에 포섭되었을 확률이 비교적 적고 비 노동당원 출신,사무직,사무직사원
1895,나이가 적당함,나이가 있어 세상물정을 이해함,젊은 나이라 장래를 생각함
1896,직업이 있었음,나이 때문에,의사이기때문에
1898,없음,그냥 이웃이고 싶다.,조선노동당원이 아님
1899,프로그래머가 한국에 도움된다,업음,결혼
1900,미혼이며 여성이므로,결혼한 가정먼저 우대해야한다,여성 우대해야한다
1901,홀로 자녀 부양,젊음과 여성이어서,직업과 비공산당원
1902,주변인과 친화력이 좋은것 같아서,무직자로 자녀 부양,혼자 자녀 부양
1904,젊었고 전문성이 있다,아이가 있어서,현재 한국정치에서 더 이득이 될것같다.
1905,그냥,체류기간이 길어 한국에 동화되어 이해를 잘 할것 같다,연령대가 안정되었다
1906,차악,그냥,그냥
1908,기혼이라서,차악,차악
1909,한국체류기간동안융화정도,더 좋아보여서,더 좋아보여서
1910,나이가 더 어리기때문에,같은조건이라면 젊은층이더이해됨,사상이념은쉬변하지않음
1911,사무직이 끌려서,나이가 더 어리고 한국체류기간이 더 길기때문에,한국내 체류기간이 더 길기 때문에
1912,한국 적응,싱싱하므로,시간이 있다
1914,착실할 것 같다.,한국 적응력,한국 적응력
1915,직업이 좋아서,열심히 할 것 같다.,착실할 것 같다.
1916,선택사항이 없어서,인맥이 복잡하지 않아서,마음에 들어서
1920,한국내 거주기간이 길어서,선택사항이없어서,둘다 맘에 안드는데 초이스가 없어서
1921,노동당원 아닌게 다행,한국거주기간이 길어서,그나마 a가낫다
1922,한국 내 체류 기간이 길다,"노동당원X, 체류기간이 길다",직업이 없는것보단 낫다. 게다가 체류기간이 B보다 짧았어도 최소한의 경력은 보유중이니 괜찮음
1923,적응력이 빠를 것 같아서,한국 내 체류 기간이 길다,한국 내 체류 기간이 길다
1925,젊고 결혼도 해서 양육해야 할 가족이 있으므로 책임감이 강할 것 같다,상대적으로 젊어서,나이가 적당하고 합리적일 것 같아서
1926,한국체류시간이 길고 기술도 있어서,직업이 있고 결혼도 했으므로 믿음이 간다,직업이 확실하고 나이도 있어서 어느정도 신뢰가 간다
1927,정책을 잘 행할것 같아서,같은 여성이고 한국체류시간이 길어 어색하지 않을듯해서,A에비해 한국 체류시간이 길어서 국내상황을 어느정도 알것 같아서
1928,연령,정치를 잘 행할 것같아서,사람이 더 좋을것 같아서
1929,조선노동당원,직업,시니어
1930,한국인 동료가 있기 때문,그냥,자녀가 없어서
1931,최근에 도착한 젊은 남성,친한사람이 별로없어서 외로울 것 같아서,의사라는 직업 때문에
1932,글쎄,미혼 여성,미혼 여성
1933,같은여성이라서,대충,그렇게
1935,직업있음,더젊어서,한국체류기간이 길어서
1936,여러 나라 사람을 다 경험해봐서,여성,직업있음
1938,적응성,10대보단 20대 지식인을 선호함,좀더 젊은 사람을 정치인으로
1940,아직 젊은 고급직업경력의 미혼자라서,"열정, 에너지",변화가능성
1941,업체에 적합할것 같음,아무래도 고급직업경력자로 한국체류가 더 오래된 기혼자라서,고급 전문직업을 가진 기혼여성이라서 가정과 생활기반이 안정적이므로
1943,크게없음,인간적인 면이 더 많을것 같음,안정적으로 생각됨
1945,사회생활,크게없음,크게없음
1946,나이,여성,여성
1947,북한 사람이 무슬림이라는게 말이나 됨?,친한지인이  있음,한국 체류기간
1948,경력,말도 안되는 설문 내용,말도 안되는 조건으로 사람을 고르라니..
1950,젊은이들,친밀,여성인권
1952,나이어림,젊음,결혼
1953,상대적으로 체류기간이 길어서,나이많은 여성,전문직
1954,결혼한 사람,아이 엄마여서,어릴때 부터 한국에 있아서
1955,가정이 있고 살아보려는 노력이 있어서,b 어리다,호감이 간다
1957,체류경력,프로필 a가 너무 비현실적이다,성실할 듯하다
1960,컴퓨터 기능 소유자,경험,b는 너무 어림
1961,나이가 훨씬 어려서,나이와 의사직업의 안정성,결혼했고 의사직업
1962,나이가 젊고 한국체류기간이 길어서,직업 유무,나이가 훨씬 어리기 때문에
1963,전문직,직업이 의사라서,한국내 체류기간이 길어서 한국 사회에 적응이 잘되 있을것같다
1964,결혼하고 자녀있는 사람이 상황을 더 잘 이해할거 같음,생활력이 강해 보임,전문직
1965,정신무장이 안되어 조금 더 자유로운 영혼일 것 같아서,연륜이나 경험이 더 있는 쪽으로 선택함,상황을 더 잘 알거 같아서
1966,한국내체류기간,친근함이 왠지 모르게 더 있을 것 같아서,그나마 한국 사정을 ㅇ 잘 알 것 같아서
1968,65세 노인이어도 일할 의지와 열정이 있다면 채용하지 않을 이유가 없고 응대력이 높아 보여서,한국내체류기간,한국 내 체류기간
1969,현재 직업 경력이 있고 일을 계속할 수 있는 비교적 젊은 연령대임,여성의 경험을 공유하거나 서로의 안전을 주시하기 위해서,"여성 의원, 여성 노동자가 필요하다고 생각했습니다."
1970,한국내 체류기간이 김.,한국 체류기간이 길고 안정적인 직업 보유,젊은남성이어서 일할수 있는 능력이 있을 것이라 판단
1971,느낌이 좋음,천주교.,남성 이므로.
1972,b는 미성년자이므로,국내적응도가 빠를것 같음,기업체에 맞음
1975,세상을 더 넓게 볼 것 같아서,b는 미성년자,사상에 물들지 않았을 것으로 생각
1977,없음,나이가 더 어려서,서민의 입장을 더 잘 알 것 같아서
1979,연령이 65세보다는 27세가 좋다,없음,없음
1980,직업이 좋아서,연령대가 적당함,한국체류기간 7년
1982,한국내 오래 체류 미혼 의사로 능력있는 인재임,없음,한국에 거주한지 더 오래돼서
1984,나이가 어리다,한국제류기간이 길고 직업이 좋음,한국에 오래 체류했고 한국인탈북민 동료가 있어서
1985,프로필이 좋아서,나이가 어리다,나이가 어리다.
1986,기술자,내용이 좋아서,프로필이 마음에 들어서
1989,국가에 기여할 수 있는 사람이 필요함,노동당원,노동당원이 아니라서
1990,18살이라는 젊은 연령이 국가에 보탬이 됨,국가에 기여할 수 있는 사람이 필요함,국가에 기여할 수 있는 사람이 필요함
1991,사무직에 어울릴것 같아서,의사라는 전문적 직업,직업적 우위
1992,보다 안정적인 직장을 갖고 있어서,직업이 의사라서,살아온 경륜이 있어서
1993,똑똑할 것 같아서,안정적인 직장을 갖고 있어서,일을 하고 있어서
1994,b의 개인적 능력이 우수해 보인다.,도움이 될 것 같아서,의사랄서
1995,한국에서 오래 체류해서,a의 대인관계 및 능력이 낫어 보인다.,친화력이 있어 보인다.
1996,한국 체류 기간이 길어서,한구에서 오래 체류하고 젊어서,젊어서
1997,나이가 더 어려서,한국 체류 기간이 길어서,한국 체류 기간이 길어서
2000,가정이 안정적이라 일도 열심히 할듯해서,여성이라서,a에 비해 내 또래에 가까워서
2003,일을 해서,전문직이라서,평범한 가정을 이루고 있어서
2004,좋아,나이가 어려서,의사라는 직업 때문에
2005,직업을 가져봐서 업무 숙련도가 나을거 같아서,굿,맘에 드는 출마자가 없다
2006,보다 신뢰가 간다,중국 체류기간이 짧아서,중국 체류기간이 비교적 짧아서 중국식 사고에 물들지 않았을거 같아서
2007,1,다소 안정적인 조건,보다 신뢰가 간다
2008,노동당원이 아니라서요,1,1
2009,나이가 좀 더 어리고 한국에 오래 잘 정착중,한국체류기간이 길어서 편안할것 같아서요,최근에 도착한것보다 체류시간이 길어 한국생활경험이 많아서
2012,현재 직업이 다른 일을 할 때도 플러스가 되어서,중국체류를 오래 하지 않았고 직업을 가지고 있음,인간관계가 좀 더 포괄적
2013,이유없음,한국과 탈북민 고루 어울려서,전문직으로 살았고 나이도 정치하기 A보다는 낫다고 생각해서
2014,프로필 B는 중국 체류 기간이 너무 길다. 중화사상에 물들어 있을 가능성이 높다.,이유없음,이유없음
2015,조건이 좀 더 좋아서,프로필 B는 최근에 도착하여 아직 신분이 확실하지 않다.,한국에 적응하려는 노력이 보임
2016,이유없음니다,조건이 좀 더 좋아서,조건이 좀 더 좋아서
2017,한국인 인맥만 있는 인관관계,없음니다,한국채류기간이 길어서  딴이유없음
2019,나이,인간관계가 한국인만 있어서,특별한 이유는 없음
2020,없음,나이,여자
2021,나이,없으,없음
2022,둘 다 아니지만 여자로 남자와 의지가 될듯,둘 다 안 내키는데 억지로 선택하라 해서,상대적으로 덜 불편해서
2023,좋아서,이슬람이라 여자 선호,사회에 적응된 정도가 높음
2024,직업이 없어서 주어진 다면 최선을 다할 스타일로 보여서,프로그래머라서,좋아서
2025,전문적인 직업을 가지고 있어서,의사라서 도움을 받을 수 있어서,가장 변화 가능성이 커서
2027,12년,열심히 살려고 노력하는 모습이 있어서,나이도 어리고 괜찮은 직업을 가지고 있어서
2028,없음,체류기간,한국인 동료만 있음
2030,컴퓨터 프로그래머,없음,없음
2031,업삳,연령,한국체류기간
2032,조금은 오래되었으니까,없다,업삳
2033,체류기간이 길다,그래도오래되었으니,참 어려운 문제입니다
2034,한국에 이미 적응함,체류기간,체류기간
2037,무직자,결혼을 해서 안정적인 생활,한국에 적응을 한 상태
2038,B에 비해 적정 연령대이며 안정적인 느낌,고령자,갓 탈북인
2039,한국인동료가있고 중국체류기간이 12년이나 되어서,나이에 비해 한국체류기간이 길어 우리사회에 적응된 사람으로 보인다,"연령은 어리지만, 한국및 중국내 체류기간이 길어서 거의 북한냄새가 지워졌을 것이다"
2040,한국 내 체류기간이 길어서,한국에 체류한지 12년이나 되어서,한국에 체류한지 7년이나되었고 한국인동료가 있어서
2041,열심일할것같음,한국 내 체류기간이 길어서,한국체류기간이 길어서 돌아가는는 사정을 더 잘 알 거 같아서
2042,....,경력을,경력이좋음
2043,발전간으성,...,...
2044,남성분이라 선택한거 같아요,안정적이다,안정적이다
2047,한국인 동료가 있어서,가족이 있어서 친해지기 더 나을거 같아서요,경력이 있어서 다른 일을 할 수 있을거 같아서요
2048,.,인간관계가 조금더 좋은것 같아서,인간관계가 좋은것 같아서
2049,특별한 이유 없음,.,.
2052,좀 더 열심히 일해 줄 것 같다,특별한 이유 없음,나이를 고려함
2053,A보다 B가 젊어서,여자가 더 나을 것 같아서,한국 체류기간이 길어 더 적합해보임
2055,기본적인 능력을 갖추고 있음.,한국 탈북민 동료가 다 있어서,전 노동당원이 아니라서
2056,의사라는 안정적인 직업과 한국내 체류기간이 오래되어 좀 더 믿을만한 것 같다.,능력은 비슷하나 한국 체류기간이 길어 사회 적응 능력이 증가되었을 것으로 추정됨,사회적응 능력을 갖추고 있음.
2058,B의 한국 내 체류기간이 너무 짧아서,젊은 여성이 자주보는 이웃으로 지내기에 더 마음이 편할 것 같다.,체류기간이 오래되었고 안정적으로 살고 있는 것 같다.
2059,젊다,한국 내 체류기간이 길어서,A는 나이가 너무 어려서
2061,더 성실할 것 같아서,국내 체류기간이 길다,젊다
2062,일을 하고 있어 사업체를 잘운영할거라 여겨짐,더 나은 사람 같아서,더 안정적인 사람 같아서
2064,별 이유 없음,체류기간,젊음
2065,한국 체류기간,별 이유 없음,별 이유 없음
2068,고령자,체류기간,한국인 동료
2069,한국 체류 기간이 길어서,자녀부양,나이가 많은편
2071,그냥,전 조선노동당원이 아니었기 때문에,전 조선노동당원이 아니었기 때문에
2073,없음,그냥,그냥
2077,이버써,없음,없음
2078,없다,명확하네요,깔끔해서
2079,최근에 도착,없다,없다
2082,없다,젊다.,한국실정을 알고있음.
2086,한국 생활에 적응해서 잘 알것 같아서,없다,없다
2088,상대가 의사로 안정적,새롭게 적응하면서 좋은 점이 있을 거 같아서,아직 사회에 적응하고 활동할 수 있는 능력이 있어 보인다
2089,전 조선노동당원이 아니라서,고령자,사무직
2091,느낌이,직업이 의사라서,조선노동당원이 아니라서
2093,결혼을 유지중이어서,느낌이,느낌상
2095,나이가 젊다,한국 내 체류기간이 더 길어서,직업을 보유중이어서
2096,친한 지인이 있으니 인간관계가 좋은것 같아서,중국에서 오래 체류해서,일할수 있는 나이가 젊어서
2100,할수없이,인간관계가 좋은것 같아서,한국에 체류기간이 길어서
2102,컴퓨터 프로그래머라서 사무에 적응 빠름,할수없이,할수없이
2103,의사라는직분,한국체류기간도 길고 북한 노동당원인 적도 없어 친해지기 쉬울것 같음,한국생활 더 이해하고 한국 동료도 있음
2105,체류기간 자녀유무,가상의B와상대적으로 정착의 안정성이 높다,연령과의사라는직업
2108,이슬람교이면서 여성이고 직업이 유익하다,결혼상황,나이 자녀유무
2111,탈북민과 결혼남보다 낫다,아무래도 한국체류기간이 길어서 적응및 유용하다고 생각된다.,이슬람 남성은 왠지 거부감 느껴진다.무섭다.
2115,고르기가 힘들지만 그나마 더나아서,한국인 동료,두루 동료가 있음
2118,직업이 좋다,맘에들어서,그냥 A가 맘에듦
2120,지식인 체류기간이 길어서,직업이 좋다,직업이 좋다
2122,안정적으로 보임,중국체류기간이 적어서,한국인 동료만 있어서
2126,나이,안정적인생활 가족때문에,오랜기간 격었을 고통을감내하며 견뎌온세월
2127,무직,정착 기간 감안,중년으로 사회경럼혐이 풍부하다
2128,도움이 될것 같음,이웃에 대한 이해,경험
2130,자녀가 있어 좀 더 생활력 있을것 같음,대화가 통할것 같음,한국에 도움이 될것 같음
2131,그러,한국내 체류기간이 길어서,한국내 체류기간이 길어 적응되었으리라 판단
2133,한국체류기간,그럼,그래
2134,사회적응을 빨리 할수 있겠다,체류기간,인간관계
2136,직업을 가질 수 있을것 같아서,직업이 있으므로 더 안정적으로 보인다,직업이 의사이고 사회적 지위가 있기 때문에
2137,그냥그렇다,직업을 기질 수 있을 것 같아서,직업을 가질 수 있는 능력이 있어서
2138,직업이 확실하고 중년의 나이로 안정적인 삶을 추구할것 같아서,그냥그렇다,그냥그렇다
2139,직업이있어서,결혼을 해서 안정적인 사회 유지를 위해 협조할것 같다,결혼을 하고 자녀가 있어 자녀의 삶에 대한 애착과 한국사회 적응을 위해 노력할것 같다
2140,여성,직업있고천주교신자,소박할듯
2142,나이,여성,한국에 동화
2145,확실한 직업 있고 이탈한지 꽤 되었으면서 노동당원이 아니었음,한국내거주기간,국내 흐름
2146,노동당원 아님,자녀가 있어서 말이 통할 것 같다,체류기간 길고 확실한 직업이 있다
2147,전문직,크게 좌우 안함,우리사회에 동화된 느낌
2148,대인관계원만,한국인 지인,한국인 동료가 있어서
2149,말을 잘 듣는다,건강문제 상의,대인관계가 원만할것 같음
2150,조선노동당원 유무,젊음,한국 실정을 안다
2151,나이,동료의 유무,탈북 기간이 오래됬다
2152,청렴하다.,컴퓨터,나이
2153,혼인관계및 연령때문,깨끗하다.,남자가 정치를 더 잘할 것 같습니다.
2154,전문적 직업군과 미혼이라는 점,노동당원이 아니었기 때문,인맥관계나 한국내 체류기간이 영향을 미쳤습니다.
2155,성별,경제활동및 뚜렷한 삶에 대한 방향성을 갖고 있는 것 같음,자신의 인생에 대한 의지를 갖고 있는 것 같음
2156,북한을 나온지가 오래되었음,직업,성별
2158,프로그래머,둘다 별로이나 그나마 나이가 있어 문제의 발생 가능성이 낮아보임,고학력자로 보이고 연륜이 있음
2159,나이 및 직업측면에서 나음,한국내체류기간,노동당  미가입
2160,한국내 체류기간이 길어서,나이 관점에서,나이를 중요하게 생각함
2161,사랑,한국내 체류기간이 길고 한국인동료가 있어서,한국인 동료가 있기때문에 그나마 한국에 적응을 잘한것이라 생각해서
2162,여성,가정,결혼
2163,젊은 청년이라서,없슴,느낌
2164,우리나라에 잘 적응 할 것 같아서,직업을 가지고 있어서,여성이고 나이가 적정해서
2165,발전 가능성,한국 체류기간이 길어서 쉽게 적응 될 듯,생계수단이 있음
2167,한국 체류기간이 긴사람이 신뢰가 간다,발전 가능성,발전 가능성
2168,중국 체류기간이 짧아서,의사라는 직업이 귀하다,선택의 여지가 없었다
2169,연령이 어려서,한국체류기간이 길어서,둘 중 선택권이 없어서 그나마 한국 체류기간이 긴 사람 선택
2170,경력,한국체류기간이 더 길어서,전조선노동당당원이 아니라서
2171,한국내 체류기간이 많으므로 한국에 대한 문화이해가 더 높다고 생각함.,의사,친한지인
2172,한창활동성이좋은 나이,한국인과 유대관계를 유지하고 있어 한국 문화를 많이 접해봤을 것 같음.,결혼을 하지 않아 활동성이 더 뛰어나다고 생각함.
2173,"여성, 프로그래머",가임기여성,여성이고 인구감소가되는상황에서 여성의존재가치가크다
2174,none,여성,직업이 있다
2176,...................,none,none
2179,한국 체류기간,.....................,..................
2180,미혼이라서,나이가 비슷해서요.,나이
2185,둘다별로이다,한국 체류기간이 길어서,직업이 의사라서
2186,편의점 직원,그나마 친근하다,느낌이 더 낫다
2187,한국내 체류기간이 길어서,직업 있음,친한 한국지인 있음
2188,한국내 체류기간이 길어 어느정도 한국사회의 이해의 폭이 더 클것으로 보여서,한국내 체류기간이 길어서,한국내 체류기간이 길어서
2190,연령,한국사회에 더 잘 적응했을 것 같아서,나이는 어리지만 안정감이 있어보여서
2191,자녀양육,연령,연령
2192,직장,독립적,전문지
2193,안전한 가족,직장,체류기간
2194,한국내 체류기간이 길어서 한국문화를 잘 이해할 것 같다.,젊은 나이,직장과 미래성
2195,한국에 대한 적응이 더 많이 되었을 것 같음,한국에 대해 잘 모르기에 알려주고 싶다.,상대적으로 한국 체류기간이 길어서 한국문화를 잘 이해할 것 같다.
2196,직업을 고려했을 때 업무성과가 더 뛰어날것 같다,건강 위급상황 시 도움을 받을 수 있을 것 같음,한국내 체류 기간이 길어서 한국에 대한 이해도가 높을 것 같음
2197,전 조선 노동당원이 아님,같은 성별(여성)이라,무직인것을 제외하면 모든 영역에서 A보다 낫다
2198,탈북한지 얼마 안되서,북한 이탈 후 체류기간이 상대적으로 짧음,프로필B 보다 한국 체류기간이 더 많아서
2199,전 조선노동당원이 아니기 때문,한국 체류 기간이 길어서,한국체류 기간이 길어서
2201,한국내 체류기간이 길어서,중국 체류 기간이 1주 미만 이기 때문,한국내 체류기간이 길기 때문
2202,연령대,한국내 체류기간이 길어서,한국내 체류기간이 길어서
2203,나이가 젊고 전문직을 가지고 있다,여성,연령대
2204,의사는전문직이라,중년이며 한국네 체류기간이 길다,젊고 중구구체류기간이 길어 북한생활을 종료한지 오래되었다
2206,연령이 어리다,이혼하지않은여성,국민이라
2207,직업때문에,직업이 마음에 든다,직업이 도움이 될듯
2208,둘 중 하나만 선택,직업때문에,연령과 직업때문에
2209,한국에서 오래 머물러서,선택지가 작음,적합하다
2210,B는 결혼을 하고도 무직이라는건 책임감이 떨어져 보인다,이유 없음,b보다 연륜이 있을 것 같아서
2211,중국내 체류기간이 b보다 짧다,한국에 12년을 체류했으면 북한의 사상은 없어졌을것으로 생각된다,한국인 동료만 있다는건 북한을 등진것을로 생각된다
2212,현재직업,중국내 체류기간이 b보다 짧다,중국 체류기간이 b보다 짧다
2215,결혼했고 충분히 사무직 업무가 가능할것 같아서,직업,직업
2216,연령이 맞기에,결혼했고 한국인 징니이있어서,결혼했고 한국 동료 있어서
2219,no,특별이없다,연령이 맞는사항
2220,경험이 더 풍부함.,no,No
2225,가정이 있으므로,성별이 같음.,연령이 더 높음.
2226,한국에 오래 살아서,특별한 이유가 없다,직업이 있으므로
2227,나이가 어리고 중국체류기간이 짧아서,인맥,한국인 동료가 있어서
2229,직업이 없기 때문에,지인이 많지 않아서,지인 및 노동당원이여서
2231,경험위주 결정이다,결혼했지만 20대 후반으로 호감,결혼하여 안정적인 삶을 유지할 것으로 예상
2232,굳이 따지자면 중국체류기간이 짧아서...?,주위에 있다,주변에도 정착민이 있어 경험자다
2233,한국인 동료만 있어서,한국에 조금이라도 더 체류했기때문,어쩔수 없이 선택해습니다....;;;
2234,평범한 생활인,컴퓨터 프로그래머라서,아이가 있어서
2235,최근도착,한국내 체류기간이 길어서,한국 체류기간이 길어서
2236,인간관계,직업 및 혼인관계,거주기간 및 직업
2237,a의 북한 남자는 가부장적이고 말이 안 통할 것 같다,인간관계,인간관계
2238,결혼 및 안정적인 직업이 있음,탈북민과 상관없이 요즘 18살짜리 한국 남자애들 멀쩡한 정신 별로 없고 싸가지 없다. 이웃으로 47세 여성이 훨씬 낫다.,프로필b는 나이가 18살이라 선거에서 투표하기에는 너무 어리다.
2241,한국체류기간이 더 길어서,안정적인 생활을 하고 있음,결혼과 자녀 등의 안정적인 가정생활을 지속하고 있음
2245,체류기간,젊어서,한국에 좀더 체류해서
2246,일하기에 적당한 나이이다,다행,좋음
2247,다행,한국내체류기간,인맥 및 직업
2248,결혼을 하여 비교적 안정적으로 한국사회에 적응하였을 것 같고 현재 직업이 컴퓨터 프로그래머라서 무직인 사람보다 나을 것 같다. 그런데 문항에 오류가 있다. 연령이 18세이고 한국내 체류기간이 12년인데 B의 경우 중국에서 체류기간도 12년이다.,무직보다는 직업을 가진 사람이 더 성실할것 같다,한국내 체류기간이 B보다 길어서 적응을 더 잘할것 같다.
2249,가정,"사무직 직원으로 일하면서 한국생활에 정착하고 있고, 나와 같은 성별로 도움을 주며 지내고 싶다.","연령대가 연륜과 경험이 풍부할 것으로 예상되고, 탈북민과 결혼하고 자녀를 두고 있어서 안정적으로 잘 생활하는 사람일 것 같아서"
2250,나이와 현재 직업이 맘에 들어서,사무직,한국인
2252,국내 체류기간이 길고 직업이 있어서,전 노동당원이 아니고 여자라서,전 조선노동당원이 아니라서
2253,나이가 어리고 인맥이 넓어 보여서,적절한 나이,한국 내 체류기간에 비례
2254,전 노동당원이 아니어서,나이가 어리고 직업이 좋아서,나이가 어리고 직업이 마음에 들어서
2255,능력우선,인생경험이 많은 사람이라서,아직 사회의 때가 덜 묻은거 같아서
2258,유능해보임,사회환경,사회경력
2259,가족,둘중에서는 그나마 낫다,정상적인나이임(A는나이가이상함 18세 결혼??)
2261,한국 체류기간이 길어 신뢰하고 일을 맡길 수 있을 것 같다,직업,체류기간이 길고 자녀가 있음
2262,중국 체류 기간,중국 체류기간이 짧고 젊은 인력이라 선호할 것 같다,한국 체류기간이 길어 남한 정서에 대해 잘 알 것 같다
2263,찬성,한국 체류기간,직업
2264,인맥이 넓어서,찬성,찬성
2272,"노동당 직원도 아니었으며 직업도 의사, 미혼에 북한 이탈 기간도 김",직업에 흥미,한국 체류기간이 길어서
2273,종교,한구 체류기간도 길고 직업도 의사이며 성별이 여성이라 별로 무서운 느낌은 없음,"노동당 직원도 아니며 여성, 결혼과 북한 이탈 체류기간도 길고 나이도 적당함 또한 직업도 안정적임"
2275,그냥,혼인,종교
2277,사업체 운영자로는 의사보다는 프로그램어가 낫다 생각됨. 기타 조건은 비슷하다 생각됨.,기타,욕심이덜하려나
2278,남성,프로필 b선택함.,사회 경력으로 볼때 투표나 사업체 운용자로서 A를 선택했지만 이웃으로서는 양쪽 다 상관없다
2279,나이가 어려서,전문직,전문직
2280,취업중이고 미성년이 아님,한국내체루기간이 길어서,한국인동료만있어서
2282,그냥,노동당 당원이 아님,노동당 당원이 아님
2285,한국에 더 오래 체류해있어 한국정서를 잘 알것 같다,그냉,좋아보여요
2286,한국에서 체류 기간이 B보다 길어서,체류기간이 길어 더 친해질 것 같다,자녀가 있어 부녀자들에게 공감을 할 것 같다
2288,발전가능성,직업도 의사이고 체류기간도 7년이고 결혼해서 안정적인것 같아 보여서,체류기간이 길어서
2290,자녀가 있어서,체류기간이 길고 안정적인 직업,안정적임
2294,경력자라서,중국 체류기간이 더 짧아서,중국 체류기간이 짧아서
2295,둘중좋아보여서,한국 내 체류기간이 길고 젊어서 남한에 잘 동화될것 같다.,한국내 체류기간이 길어서
2298,둘다 비슷한 조건인데 전 노동당원이 아님,도움이 될것같은 이웃,한국내체류기간
2301,전문성,연령이 또래임,A는 연령이 많다
2303,그래도 더 친근감이 있다,근로 의욕,A는 나이가 너무 어림
2304,자리잡는데 도움주기위해,이분이 더 나을 것 같아서,더 안정감이 있을 것 같다
2306,한국체류기간,정착에 도움주기위해,직업 보유
2308,사업에 도움이 되어서,한국인동료,한국내 체류기간
2309,안정적인 생활가능,종교가 같아서,믿음이 가서
2310,체류기간이 길어서,안정적,안정적
2311,위험이 느껴지지 않아서,체류기간이 길어서,체류기간이 길어서
2312,이미 이곳 생활에 적응 할 기간이 되므로,위협적으로 느껴지지 않아서,좀 더 안전함이 느껴져서
2313,47세,젊어서,한국에 오래 있었기 때문
2316,탈북민으로써 이혼의 아픔까지 있어서 동정심으로,정착 12년,의사
2319,더 평범한것 같아서,연륜도 있고 자녀도 있어서 안정적인 가정이라는 생각 때문에,나이와 직업등을 고려하여
2320,전 노동당원이 아니고 가정을 구성하여 안정적인 상태,엘리트라서,더 평범한것 같아서
2322,이유없음,결혼하여 가정을 구성하였기에 상대적으로 안정된 상태,결혼하여 가정을 가지고 있어 안정적임
2323,오랜체류,잘모름,한국체류기간
2328,젊으므로,연령 능력 때문,능력이 있을듯
2330,나이에 있어서 성실할 것같음,어느 정도 나이가 있어서,어느 정도 나이가 있으므로
2332,탈북이주결혼,최근 왔으니까 관심있게 접근할것 같음,직업과 안정적인 결혼생활에 있어서입니다
2335,여성이 일 시키기 좋아서,의사,체류기간
2337,자녀가있으므로  성실할듯,젊은 사람이니까,연령적으로 적절
2339,특별한 이유 없음,새로운 시작에 응원,나이도  어리고  발전가능성  유
2340,시간,특별한 이유 없음,특별한 이유 없음
2345,프래그로머로서 관련사업가능성이 있음,시간,시간
2350,북한 이탈후 체류기간이 짧아서,직업이 있는 이웃이면 좋을듯함,학국체류기간이 긴것 같다.
2356,자녀있음에 한표,컴퓨터 프로그래머로 사회생활을 해서,할수없어서 골랐다
2361,전문직,한국의 문화를 많이 이해했을 듯 합니다,한국동료 친분
2363,"한국 체류기간, 결혼, 이웃관계",노동댕원이 아니라,동료가 많아서 적응이 쉬움
2365,프로필B는 나이가 너무 어려서 일을 잘 못할 것 같다.,결혼,한국 체류기간이 길다
2368,젊음,한국 내 체류기간이 길다.,나이로 보아 경험이 있어서 여러 상황에 대한 판단이 바람직할 것 같아서.
2369,없습니다,의사,감성적으로
2372,무언가를 열심히 하고자 하는것 같다 편의점에서라도 일하며 쟈녀를 책임지는 것 같아서,없습니다,별 이유가 없습니다
2374,경력,인생을 다시 시작하고 싶어서 온것으로 보이기 때문에,인맥에서  한국인과 탈북민 모두 지인이 있다고  해서
2376,부담이  적을것같아,체류기간,한국인 동료있음
2380,신뢰,젊어서,신선해서
2381,노동당원아님,좋다,신뢰
2382,"업무를 배울 수 있는 이력이 있음, 생활력이 있을것 같다.",직업유,한국내 체류기간
2383,중국체류기간,가정을 갖고 있는 여성으로 삶의 의지 가 있는것 같음,"체류기간도 있고 현재 직업이 있으며, 전 노동당원으로서의 역할이 있을 것이다."
2384,어려서,전문직,인간관계
2385,좀 더 안전하다는 느낌,어려서,젊다
2387,젊음,적응을 잘할 것 같음,좀더 안정적으로 보임
2388,체륙기간 및 인간관계,직업과 중국에서 경험이 풍부할것 같아서,나이가 젊고 미혼
2391,여성이라서,체류기간 및 직업,국내근황에 대한 이해
2392,컴퓨터프로그래머,오래 살앗으니까,한국인 친구가 있음
2393,한국에 체류한기간이 긴많큼 믿음이가고 결혼이라는 안정감이 있음,자녀있음,체류기간이 길어서
2396,젊어서,프로필 a는 18세에 자녀가 있다는 설정이 믿음이 안감,한국에 거주한기간이 길고 딱히 직업이 없어서
2398,컴퓨터 프로그래머라는 직종,편의점 경력이 있음,노동당원이 아님
2399,이유x,둘 다 우열을 가리기 어려운데 그나마 B가 직업상 낫다,같은 직종이지만 연령이 적은 사람이 국가적 입장에서 가치가 있다.
2400,의사라서,이유x,한국인
2402,나이 많은 여성으로 보호받아야 함,여자,나이가더많다
2405,몰라서 아무나 채크,"전 노동당원이 아니고, 한국에 오랫동안 거류중",B에 비해 재입북 빈도가 낮을 것으로 예상
2406,의사니까,경력이 많아서,유식할 것 같음
2408,친근감,그냥,그냥
2409,나이가 적어서,친근감,친근감이 있다.
2410,더 적합,남성이여서,중국체류기간이 짧아서
2414,한국의 체류기간이 같다면 채용이기 때문에 나이가 어린 사람을 선택할 것이다.,더 어울린다,더 적합
2416,믿음이가는것,노동당원이 아니였기 때문에,한국에 체류한 기간이 길기 때문에 한국을 잘 이해하고 있을 것 같다.
2417,한국에 적응이 빠르고 동료간 적응도 잘 할 것 같아서,믿응 이간다,믿음이 간다
2418,직업이 있으며 자녀가 있다,안정적이고 한국내 적용 기간도 길어서,안정감이 있어서
2425,여성직원이 필요해서,직업,전 조선노동당원이 아니었으며 직업이 있다
2426,혼인상태 .종교는 중요하지 않다,얼마되지 않아서,아는사람없는 경우라서
2427,사업체 성격상 평민에 해당하므로 근무 지속가능성이 큼,최근도착 보다는 오래 머무른분 선호,탈북이든 아니든 무관하다
2428,컴퓨터 기술이 있으니 나라세금덜 나갈듯,현재 직업 상 사회에 선한 영향을 줄 것으로 기대함,연령층으로 보아 우리 사회에 적응할 확율이 더 높음
2432,연령이 적어서,의사자격증을   사용할수있으므로,중국체류기간이 길은건좋은인식이들지않는다
2433,그냥,한국내 체류기간이 길므로,한국내 체류기간이 길므로
2437,결혼을 하여 이미 자리를 잘 잡고 있는듯해서,그냥,그냥
2438,자녀,직업이 맘에 듬,한국에 온지 어느정도 시간이 지났으며 직업이 확실해보임
2440,한국 체류기간이 길어 유리,체류기간,안정적인 연령층
2441,의료인력이 필요함,한국내 체류기간이 길어 유리,탈북민과 동료가 아닌게 유리
2442,학식,활동적인 연령,젊은 자원이 우리 사회가 필요함
2443,신분이 좀더 확실하고 지식인,폭넓은 교류,젊어서
2445,더 신뢰가 간다,둘다 선호하지 않지만 그중에서 그나마 선택해야 해서,솔직히 둘다 선택하고 싶지 않음
2446,한국체류기간이 길다,이유없음,더 신뢰가 간다
2448,이유없음,한국에 더오래살았기에 소통이잘될듯하다,한국체류기간이 더 오래되었다
2451,경력,없음,딱히 없음
2452,체류기간이 길고 미혼,경력,젊음
2453,한국체류기간이길어서,젊은나이,체류기간이길고 미혼
2454,연령,한국내체류기간이길어서,한국내체류기간이 길어서
2457,안정적인 직업,능략,상냔함
2458,그냥,직업이 있기에,안정적인 직업
2463,삶의 동기부여,그냥,그냥
2465,체류기간,고국정착,사회경험 유
2466,직업,사무직,직업유
2467,젊고 의사니깐요,나이,한국에 오래 살고있음
2468,젊어서,젊고 일할능력이 있어서요,무직보단나으니깐요
2469,젊어서,젊어서,젊어서
2470,체류12년,더 믿음이ㅈ가서,좀 더 신뢰가 간다.
2479,"편의점 직원으로 일한 경력이 있고, 연령이 높아서.",결혼,젊다
2482,직업,"한국내 채류기간이 길고, 중국 채류기간이 짧으며, 한국인 동료가 있다는 점.","전조선노동당원이 아닌 점, 나이가 어리기 때문에 사상에 대한 뿌리가 깊지 않은 점."
2483,원만한 생활,직업,한국체류기간
2484,.,평범한 생활,생활이 안정되어
2486,한국체류기간,.,.
2488,부양할 가족이 있어서,체류기간,한국거주기간
2489,비록 나이는 어리지만 한국내 체류기간이 7년이라 프로필A보다  한국체류기간이 4년 더 길기에,별 이유 없이,하고 있던 일이 있던 사람이라
2491,거주기간이 오래되어서,인간관계에서 한국인과 탈북민 모두 있다하여서,한국내 체류기간이 7년이고 프로필A보다는 오랫동안 한국에 살앗으므로 한국에 적응하며 한국에 대해 잘 알 것 같고 프로필A보다는 이혼하지 않고 탈북민과 결혼 생활을 하고 있으니까
2492,성실해보인다,직업이 잇어서,직장이 잇어서
2494,나이,성실해보인다,성실해보인다
2496,젊어서 패기가 있을것 같음.,한국인 동료들이 있다는점,신뢰할수 있다
2497,직업이 있다는것 때문에,나이가 있어서,나이도 있고 책임감이 강할것 같음.
2501,프로필A는 너무 연장자라서,직업이 있어서,직업이 괜찮아서
2503,젊은 인재,나이로 보아 이웃과 교류가 가능할거 같아서,자녀가 있는여성으로 생활력이 강할것으로 생각됨
2506,오래 체류,친근감,신분안전
2507,나이도 어리고 전문직이 있어서,체류 기간,젊다
2509,일한다,전문직이라서,연령은 있어도 전문직이라서
2511,체류기간이 길다.,어리다,어리다
2512,사무실 직원이 쓰임이 더 용도가 많기 때문이다,체류기간이 길다.,체류기간이 길다.
2513,직업이 있어서,한국인 지인이 많기 때문이다,아무래도 한국지인만 있는것이 마음에 든다
2515,젊은 사람을 뽑고 싶다,결혼하여 자식이 있으므로,젊어서 사상적으로 빨리 전향할수있어서
2516,18살에 의사? 개 천재인데?,한국 내 체류기간이 짧은 A와는 문화적 차이가 있어 친해지기 어려울듯 조선노동당원이면 좀 무섭다,아이가 있으므로 아이와 함께 살아갈 곳을 잘 구성하기 위해 복지적인 공약을 잘 세울듯
2517,한국체류기간이 길고 한국인 지인이 있으므로 신뢰가 감,프로그래머 멋있어,사람을 봐야지 저거만 봐서 어캐 알어 걍 찍음
2518,미래가 보일것 같아,결혼생활을하고있으며 종교생활을 하고 있음,비교적 어린시절부터 한국에 체류하였기에 적응이 되엇다고 판다
2519,호감,나이가들어 이웃이필요할것 같아서,그냥 오랫동안 중국에서머문이유
2521,나이가 A보다 많아서,선호감,없음
2522,그냥,"체류기간도 길고, 결혼도 하여서","한국 거주기간도 길고, 결혼하여 자녀도 있으므로"
2524,직업이 생활에 도움되어요,그냥,그냥
2525,여성이기 때문이다.,마음이 쉽게 가요.호감 가고요,그냥 가깝게 지내고 싶어요
2526,연령,나이가 어리기 때문이다.,두 프로필 다 선택하고 싶지 않았다.
2528,직업 있음,성별,결혼
2530,결혼하여 안정돼 있을것 같아서,결혼,직업 있음
2531,전문가,직업이 있어서,전 조선노동당원이 아니어서
2533,.,나이와 여성,젋다
2541,체류기간충분,정치성향및 종교를 떠나 이민국에서 함께 동화되어 삶,사무직원이
2542,한국체류기간이 길어 적응이 용이하다,모름,모름
2543,한국에 오래 거주,확실한 직업,최근에 입국
2555,차이없음,연륜이 있어 좋음,"안정적인 가정, 직업있음."
2558,현재의 직업,좀 더 안전,차이없음
2560,한국내 체류기간이 길어서 한국에 대해 잘 알 것 같아서,조선노동당가입 경력,한국내 체류기간 및 미혼
2561,소명의식,체류기간이 짧아 알려주고 싶은 것이 많을 것 같아서,자녀가 있어서 생활이 안정적일 것 같아서
2562,한국 거주기간이 3년이라 어느정도 적응할 수 있을것같아서,적응력,신뢰감
2563,한국에 보다 더 오래 체류함,한국에 오래 살아서 별로 이질감이 없을것 같다,굳이 한 명을 선택하라고 해서
2566,젊고 노동당당원이 아니므로,중국에 체류한 기간이 훨씬 짧음,직업이 명확함
2567,전문직업이 있다,나이가 있어서 이해의폭이 넓을것 같음,사회기여도 예상
2570,경력도 있고 의사라는 직업이 상당히 좋은 이미지를 심어줌,한국인 동료가 있고 중국 체류 기간이 보다 짧아서,한국인 동료를 만나고 있고 중국 체류 기간이 짧아서
2572,탈북민,그나마 연륜이 있어서,남자보다 여성이 더 믿을수 있을것 같다
2574,한국내 체류기간이 길어서,한국내 체류기간,한국체류기간
2575,직업이 있다,한국 체류기간이 길어서,연령에서 선택
2576,젊고  사무직직원의 경험도 있고  좋을것 같아요,적당한 나이,한국 내 체류기간이 길다
2578,인간관계가 좋아서,무직이면서   오랜시간  거주하여  익숙하고  이웃이면 좋을듯 해요,성실할것 같고 잘 협조하며  적응력도  좋을듯합니다
2579,한국체류 기간이 길어서,인간관계가 좋아서,인간관계가 좋음
2580,한국 체류기간이 길어서 한국에 더 익숙할 것 같아서,젊어서,탈북인이라서
2581,직업이 신뢰가 간다,한국에 더 익숙해서 이야기가 잘 통할 것 같아서,조금 더 친근하게 느껴져서
2583,한국체류 기간이길어서,한국체류기간이길어서,한국체류기간이길어서
2585,체류기간,성한실 사람일듯,젊어서 역동적알거 같아서
2587,무난한 생각에,나이가젊다,현재직업이의사
2589,젊음,젊다,이주기간
2590,여성,거주기간,젊음
2591,세뇌된 노동당원이 아니었으므로.,거주기간,거주기간
2592,좋아요,중국에서의 체류기간이 짧아서.,직업이 한국사회 발전에 이익이 되므로
2593,직업,젊어서,성장성
2598,문제 없어요,북한에서 생활을 오래하지 않았고 한국 체류기간이 길어 어색하지 않을듯,최근에 도착한것 보다 한국내 체류기간이 길어서
2601,내 생각이요.,없어요,ㄴㄴ
2605,젊은 나이에 한참 일할수있는 나이라서,이혼,경제력
2606,탈북민과 혼인이 아니어서,나이는들었지만 열심히 사는것 같아서 입니다.,나이들어 이제는 편하게  생활했으면 합니다.
2609,한국 체류기간이 길어서 한국 사회에 잘 적응한 사람 같아서,체류기간,청년
2610,한국 체류기간이 길어서,젊은 남성이라 한국 사회에 잘 적응 할 것 같아서,한국 체류기간이 12년 이나 되어서 적응을 잘 할 것 같아서
2611,없음,멀쩡한 직업이 있어서,한국체류 기간이 길어서
2614,인맥관계가 좋음,결혼,여자
2616,젊어서,여성,한국 내 체류기간
2618,"한국 체류 기간이 길고, 직업의 신뢰도가 높음",아이가 없어서,젊어서
2623,국내상황에 잘 적용했을것같아서,직업이 확실함,"이슬람교라는 것은 마음에 들지 않지만, 그나마 전도유망해보임"
2625,비슷한데 더 괜찮아보여서,노동당원이 아니여서,사상이 조금 적을듯하여
2629,네,직업이 의사라서,직업이 의사
2631,여성이면서 직업이 있었서입니다,네,네
2633,안전한 직업,여성이면 친근하지 때문에,여성이만서 직업이 의사였서읍니다
2634,자녀양육부분에 조금 더 기울어짐. 무직이라 일자리제공으로 가정경제에 보탬이 되었으면 한다,A보다는 믿어도 될것같아서,지인도 있고 전노동당원도 아니며 현재 직업도 안정적이어서
2636,믿음직,연령대도 어느정도 고려했고 안정적인 가정 꾸린 부분,탈북 후 가정을 꾸리며 안정적인 생활을 꽤 했으며 체류기간은 b보다 조금 짧지만 중국에서의 생활도 감안하였으며 노동당원도 아니었던 부분도 한 몫 했음
2642,탈북민 동료,믿음직,믿음직
2646,일 잘하고 살것같아서,좀 더 뭔가 편안한 느낌,한국정서에 더 잘 맞아 보인다
2647,그냥,나이가 적당하여,직업이 있어 살아갈수있다
2666,직업이 의사라서,북한 이탈한 기간이 길어서,한국 체류기간이 길어서
2669,연령,더 불쌍해서,현재 직업이 더 나아서
2679,전문지식인,한국거주기간,한국거주기간
2697,결혼했고 친한 지인도 있음,사무직원,안정적인 직업
100005,누군든 동화하면 함께 살수 있음,.,.
100006,한국 체류기간이 감안,"체류기간,친화력","친화력,나이"
100012,노동력,나이가 좀 젊어서,노동당원이 이니며 한국체류 기간이 다소 길어서
100013,고객서비스차원,원만한 성격,사회적 경험중요
100025,장래가 기대되어서,안정적 직업,다양한경험
100038,젊어서,체류 기간이 길어서,젊고 사회 생활 경험이 있어서
100045,안정적인 생활,직업적 선택,탈북 기간이 오래되서
100058,나이,국내사정을알것같아서요,국내사정을알것같아서요
100059,전문기능과 나이가 적음.,가족,직업이있고 가정에 헌신할수있는요건
100062,노동력,한국체류기간이 길다',북한이탈기간이 휠신길다.'
100068,젊고 유망,다년거주,지역정서
100073,나이,여성이면서 미혼,중국 체류기간이 길어서
100074,모름,나이,나이
100082,여성에게 일자리 제공,한국에 오래 체류하여 서로 이해하기 쉽다,결혼을 하여 가정적으로 안정되어 있으며 사회를 잘 알고 있음
100098,현재직업,한국인 선택,경험을 보고
100130,더 믿음직스러워서,소통,연령
100140,한국 체류기간이 길다,더 믿음직스러워서,A가 더 믿음직스러워서
100146,컴퓨터프로그래머라는 직업이 마음에 들고 한국내 체류기간도 길어서 한국사정에도 밝을 것같아서,젊고 한국내 체류기간이 길다,중국체류기간이 적다
100152,한국인 친구가 잇음,같은 여성이고 한국 체류기간이 상대적으로 길어서,의사라는 전문직에 종사하고 있고 또 인간관계도 넓은 것같아서
100167,안정적으로 보임,직업,경륜
100172,나이,안정적,안덩적으로 보임
100177,젊다,학력,국내체류기간때문에
100184,체류기간이 김,여성,체류기간이 길다
100192,믿음이간다,좋은직업,직업이 있어서 선택
100209,나이가 젊어서,믿음,믿음이간다
100222,그 는 여러 해 동안 출근 한 사람 이기 때문이다.,직업이 잇는 사람이므로,나이가 젊어서
100254,체류기간,그 는 젊은이 이기 때문이다.,왜냐하면 저 는 사람 이 좋아요.
100310,결혼생활이 완만한것 같아서선택함,사람,연령
100312,전문성을 요구하는 직종,여성이며 나이가 아주어리니않아서 선택했습니다,나이가 어리지만 사교성이있는것같습니다
100316,젊은 연령,한국내 체류기간이 적응력에 도움이 될것 같아서,한국내체류기간
100319,종교가 없다,항국체류기간이 더 김,한국내 체류기간이 더 김
100322,전문직이어서,이슬람교이다,산전수전 다 겪음
100327,직장인,한국생활에 적응이 된듯해서,어느정도 한국생활에 익숙해져서
100330,아직 젊어서,나이,한국내 체류기간
100331,젊은 나이,나이가 안정되서,컴퓨터프로그래머라서
100333,상대방이 너무 나이가 많아서,한국체류 12년차로 한국에 어느정도 적응.,한국 정착에 성공한 기혼여성으로 보임.
100337,참신한,가정이 있어서,어느정도 연륜이 있어서
100340,성실할것 같아서,더 선호적임,느낌적인
100344,자녀,안정돼 보여서,복잡하지 않아서
100345,북한이탈기간,직업,남성
100346,인맥,믿음이간다,한국체류기간
100356,나이는 어리나 삶의 대부분을 한국에서 보냄,인맥,경력
100367,직업군,"나이가 있고 중국에서 자본주의와 공산주의 차이점을 파악했을거라 생각되고 여성으로 결혼, 가족이 있음",가족의 정착+ 연령
100374,중국 체류가 12년이 마음에 안 든다..,사상이?,남한사람과 결혼하면 사상이 교화될듯
100378,성실할거같아서,중국 물이 들지 안았다..,체류기간이 12년 알만큼 안다..
100381,발전을 위해,여성이라,한국에 온지 오래되서
100390,덜 위험,발전을 위해,발전을 위해
100405,더 믿음이가서,덜 위험,덜 위험
100407,젊어서 일을 잘할듯,"전문직, 한국 적응기간 경과",한국 사회에 적응됨
100410,진문직 인테리 임,믿음이 가서,믿음이 간다
100420,돕고 싶어서,그나마 나이차이가 적게나서,나이도 있고 인맥도 있어서
100424,체류기간이 김,젊은 정착인을 돕고 싶어서,미성년이 아니라서
100429,자녀가 있다,나이가 좀더 많음,여성이고 거주기간이 김
100432,딱히 마음에 드는건 아니지만 일단 지금 직업이 있다는 건 어느정도 일할 능력은 갖추었단 생각이 듦. 그리고 한국내 체류기간이 길으니 직장에서 그나마 잘적응할것 같음,최근에 도착한 남성이다,7년간 한국생활했기에
100433,사무경력이 있고 나이도 적당함,"별로 맘에 들진 않지만 나이대가 바슷하고, 직업 신뢰가고, 북한나온지 19년이됐으니까 b보단 나은것 같아서 선택함","직업이 일단 의사이고, 탈북민 동료가 다 있으니 그집단에 대한 입장을 대변해줄 수 있을것 같음"
100438,인맥관계가 좀더 넓고 활동적으로 보여서,연령대가 비슷해서,나이도 적당하고 전 노동당원이 아니어서
100444,잘 적응하고 있을 것으로 생각,직업을 갖고있어서,가정도 이루고 좀 안정적으로 보여서
100450,한국의 정서에 동화되었을것같아서,연령을 고려하여,두루 잘 지내야 하겠지요.
100455,전문지식,B가  더 한국정서에 동화되었을것같아서,서민의생활속에서 느낀점이 많을거라생각해서
100458,도착시점이 최근이라 현상황에 적응이 더 빠를것 같아서,청년,장기거주
100464,직업,연령대가 낮아서 적응이 빠를것 같아서,낮은연령대로 바뀐 환경에 더빠른 적응력
100469,컴퓨터 프로그래머,여성,직업 고려
100470,젊어서...,한국 내 체류기간이 길다,컴퓨터 프로그래머
100501,체류기간이 많다,젊어서....,활동력
100503,좀더 한국에 적응을 오래해서 이해도가 더 높을거 같음,한국민과 적응과 체류기간이 많다,한국내 처류기간이 많아서
100516,젊다,직업적인 면에서 좀더 안정적임,전문적인 직업이 있어서
100519,한국 체류기간이 오래되어서,적당한 나이,나이가 있다
100521,한국에 오래 거주,한국체류기간이 오래되서어,B는 무직이어서
100522,컴퓨터 능력이 필요,결혼도했고 한국거주가 길어서,친구가  많음
100543,최근에 한국에 도착하면 원가 해보려는 의욕이 강할것 같은 느낌,컴퓨터 활용능력,미혼여성이라 적응하기에 따라 수용가능성이 보여서
100549,젊어서 활동적이다,머문 기간이 짧아도 다양한 사람을 사귀었다는 성격,기회제공
100561,아직 무직,보다 안정적이고 진취적일것 같다,체류기간이 길어서 안정적이다
100566,한국체류기간이 12년이라서,노동당원아니고 젊고,미혼에 나이있고 중국에 짦은체류
100569,이유없음,전 노동당당원이 아니기에,65세
100572,미혼으로 자녀양육문제,이유없음,직업에 대한 선호도
100597,한국거주기간,한국에 오래 거주,한국에 오래 있은 사람
100598,한국내 체류기간이 길고 한국인 친구도 있고 해서 선택,한구거주기간,한국 거주기간
100602,연륜,체류기간이 길고 한국인 지인도 있고해서 선택,나이 직업 및 한국인 동료가 있어서 선택
100605,젊음,남성,젊은나이
100615,젊은 나이에  탈북하여서 뭔가 이루고 사는것 같아서,오래전에정착,한국인과의결혼
100621,직업,풍파를 많이 겪은 나이가 어느 정도 있는 사람이라는것 때문에,한국에  체류한  기간이  더  길어서
100622,인맥이 넓고 결혼,나이,한국인 지인
100624,없음,A보다는 나아서,발전 가능성
100637,나이가 어려서,없음,그냥
100638,자녀가 있어서 일을 열심히 할 것 같다,결혼하여 생활이 안정적 이라서,직업이 안정적 이어서
100648,기술 보유,여성이라 선택함,한국내 체류기간이 길어서
100673,연령이 더 적합해 보여서,한국에 적응,차이없음
100676,젊음,한국인 동료,체류기간이 길어서
100678,젊고 한국인 친구가 있고 결혼했으니 정착 필요성이 있으며 일정 수준 교육도 받아 우리사회에 기여할 가능성 많은 사람입니다.,체류기간,체류기간
100683,전문성,니이가 있는 데다 현재 직업도 없고 우리사회가 포용하고 돌봄의 대상이라는 생각을 합니다.,중국 체류 기간이 12년 됐고 한국인 친구들이 있으면 어느 정도 한국 상황에 대한 인식도 있을 것이고 우리사회에 적응력도 생겨 인간관계에서 큰 갈등은 없을 거라고 생각합니다.
100694,미혼,결혼하고 애가 있다,전문성
100705,한국인 동료,결혼,젊어서
100709,의사,노동당원 아님,노동당원 아님
100714,애가 있다,의사,노동당아님
100719,직업이 좋아서,애가 있다,애도 있는데 나이가 많다
100721,이혼경력이 걸린다,젊어서,결혼을 하여서
100724,오랜 국내 경험,체류기간이 너무 짧다,기혼이 미혼보다 책임감이 강함
100727,나이가 젊고 좋은 직업,동성,연령과 경력
100751,정상적가정,"똑같은데, 차이점은 나이가 젊다는 이유하나밖에 없음",안정적인 직업
100760,없음,직업,이혼을하지않음
100780,자녀가 있는 여성이라 일자리가 필요할 것 같아서.,없음,없음
100788,컴퓨터 프로그래머니까 똑똑할거같아서,왠지 조용한 이웃이 될 것 같아서.,한국 체류 기간이 길어서 한국에 대해 좀 더 많이 알지 않을까 싶어서.
100793,나이가 적절함 한국 생활이 7년이라,우리나라에 오래살았으니까 말을 잘할거같아서,한국에 조금 더 오래있어서
100796,젊은 대를 선호함,한국 거주기간이 길어서,직업이 의사 나이가 어느정도 있음
100807,한국체류기간이 더 길기 때문,최근에 도착 자유의 갈망,자유에 대해서 갈망할것 걑아서
100816,컴퓨터를 잘 함.,A는 너무 어림,경륜이 높음
100823,나이,나이가 젊어요.,나이가 젊어요.
100837,잘 적응할 것 같아서,여성,나이
100857,많은 도움이 될것 같아요,현 직업이 맘에 듬,무난할 것 같아서
100867,직업,지식인이 좋다,다 마음에드는 것이   별로 없어요
100868,상관없음,의사,여성
100885,연륜,이유없음,별이유없음
100892,연령대가 낮아서,경험풍부,활동성
100897,나이도어리고 직업이  의사라,지식도 어느정도 갖췄고 연령대가 높아서,연령대가 높아서
100899,컴퓨터을 잘하고있음,여성인점,B보다는  나이가 적어서
100900,비슷한조건 이혼경력없음,여성을 택하고싶습니다.,의사이면서 공부를 많이 하였습니다.
100902,혼인관계,A는 나이가 많음,한국체류기간길고 미혼
100909,자기 직업이 있고 그사람이 적당할것 같아요,연령,한국에 체류기간
100910,교육에 대한 열정이 있고 잘 할거같아서,한국을 비교적 잘알것같아서 이야기가 통할것 같아요,결혼에 대한책임감이 있을것이다
100911,없다,젊고 열정이 대단할듯,특화된 기술이 있으며 직장생활을 오래했음
100913,둘중선탹해야햐서,젊음,없다
100917,젊고 가정이 있어서,컴능력자,선탹하고싶지않지만 둘중하나를 선탹해야해서
100926,전문직이라서,직업이 있어서,"한국인,탈북인 동료가 있어서"
100927,체뉴기간이 오래된 분이라서,건강에 대한 조언을 들을 수 있어서,가정의 소중함을 알아야해서
100928,한국인 동료가있어 한국을 이해할거 같음,한국사회적응력이 좋을것 같아서,폭넖은 인간관계
100933,직업,한국내 체류기간,연륜이 있어서
100937,인맥다양하고 중국체류경험이 있어서,연령,연령
100941,국내 체류기간이길고 내국인과 교류가있어서,"종교,인맥,경륜등이 일반 사람과 별반 다름이 없어 이웃들과 잘 어울릴것 같아서",도착한지 얼마되지 않아서 다른생각않하고 열심히 살 것 같아서
100947,이슬람권 남성은 아직 위험하다는 생각이 있음,전 노동당 당원이안고 지인이 여러명있는점,젊고 미혼인점 체류기간이 길어 사상성이 흐려졌을것같음
100949,나이,전노동당원이 아니어서,사실 둘 다 선호하지않음 젊은 친구이기에 b를 선호
100952,미혼과 의사,a.b  두분 이웃으로지낼수 있음,직업
100957,그냥,최근 도착,노동당원이 아님
100965,나이,그냥,그냥
100967,한국내 체류기간이 길어서 적응력이 높을듯,여성,자녀있음
100970,한국체류기간이길다,인간관계의 폭이 넓어졌으면 하는 바램으로..,젊은 세대이므로 남한의 상황에 더 빨리 적응할것 같아서
100977,젊은나이,체류기간등,당원이라사상이문제
100978,나이가 어려서,인생 경력이 긴 사람,국내 체류기간
100985,능력과 인군어르   중히 여기면 오케이,의사이고 중국 체류기간도 짧고,한국 내 체류기간이 길어서
100988,한국내 체류기간이 길어서 이질감이 덜 할 것 같아서,능력위주,누구나 능력만 있으면 좋다
100991,젊다,사교적일 것 같아서,타국 체류기간이 길어서 다문화에 적응이 쉬울 것 같아서
100993,자녀가 있어서,한국 적응기간,한국 적응기간
100998,자녀,한국체류기간이 길어서,남성이슬람교는 지지하지 않음
100999,나이가 어려서,체류기간,연령
101001,아이 유,나이. 경륜,나이와 직업이 좋다
101004,나이도 젊고 전문직,중국체류기간이 많음,기혼 아이유
101005,한국내 체류기간이 길다는점,한국 거주기간이 길어서,연륜과 경력리 풍부 해서
101010,국내 체류기간,결혼하고 아이도 있어서 더 안정적임,전노동당원이 오니라는점
101011,삶의 경륜이나 경험,중국 체류기간,국내 체류기간
101014,한국에 들어온 시간이 길어  익숙할것 같아,삶의 경륜이 아무래도 쌓여있을것같아서,그래도 한국에 오래 거주한 사람에 대한신뢰
101015,협력,결혼을 했으면 가족이 있기에 더 성실하지 않을까?,자녀가 있고 지인들도 있기에~
101018,"의사, 한국 내 체류 기간",발전,거주
101019,이혼등정착하는대문제,B는 18세 자녀 있음,한국 내 체류기간
101021,컴퓨터 프로그래머,체류기간등안정성,체류기간문제
101022,같은 노동당원 이었지만 젊으므로,여성,기혼자
101023,일을 잘할 거 같음,여자이면서 나이가 많아서,노동당원도 아니면서 아직 젊으므로
101024,A보단 나은것같아서,친화력이 있음,생각이 많를 듯
101026,a~나이가많음,B보다 나은것같아서,이쪽이 A보다 나은듯
101028,나이,이웃으로문제점없음,프로필a나이가잘못인듯!!
101029,중국 체류 기간이 짧고 무엇보다 탈북자끼리 위주가 아닌 한국인들과 교류한다는 점,나이가 가까워서,나이
101033,체류기간,종교가 이슬람이라 싫지마는 꼭 선택하라면 결혼을 했고 중국 체류기간이 짧아서 선택함,b보다 어느 정도 연륜이 있고 직업도 확실하고 노동당원이 아닌점
101039,체류기간이  길어서경험이 많아서,체류기간,결혼
101048,노동당원이 아니여서,한국인동료만있어서 비교적 대하기편함,여러모로안정적이므로
101049,노동당원 이었지만 한국거주가 오래되어서 한국실정을 잘알것같이서,한국체류기간,한국내 체류기간
101053,결혼으로한국인과의결합이있어서,거주하는 기간이 오래되어서,탈북민이 아닌 한국인들 지인
101059,전 조선노동당원도 아니고 자녀가 있음,똑똑해보여서,인간관계가좋아서
101063,없응,전 조선노동당원이 아님,저녀가 있으므로 학교생활에 적응을 잘 할 것 같습니다
101064,"체류기간과 인맥,결혼여부등으로 보아",여성이라서,없음
101065,편의점 직원,"성별,결혼여부등으로 보아",체류기간이 좀더 길기때문에 우리실정을 이해할수 있을것같아서
101066,연령대가 채용하기좋다,컴퓨터 프로그래머,컴퓨터 프로그래머
101068,정착되고 이혼,무직이 아니여서,남자여서
101073,노동당원 아님,평범한 사람,미혼
101076,기술이있어,노동당원 아님,미혼
101077,한국내 체류기간,의사라서,젊어서
101089,순간적인판단,한국인동료만있기에,한국내 경험
101092,기술직,별이유는없다,미혼여성
101100,적절한나이,친밀한 인과 관계,기술직이라서
101102,한국 체류기간 더 길어 적응이 잘 될것 같아 가산점 주고 싶음.,나이가많음.,한구체류기간이길다.
101118,북한 이탈 후 체류기간이 길다,한국 체류기간 길어 사회에 잘 적응하였을듯.,나이가 젊어 사회 기여 더 많이 할수 있을것
101121,무직,직업 안정,한국내 체류기간이 길다
101122,사무직 직원으로 어느 정도 안정된 생활을 하는 사람이어서,나이,무직
101125,적절해 보여서,전 노동당 당원이 아니어서,전 노동당원이 아니어서
101127,현재직업이 안정적이어서,적절해 보여서,적절해 보여서
101128,현재직업,나이와 체류기간이 일정해서,현재직업 상태가 안정적이기 때문에
101144,경력이 있어서므로,나이,인간관계
101145,한국 체류 기간이 길다.,대화가 됨,생활력때문
101146,더 젊고 한국인친구가 있어서 한국과의 친화력이 더 좋은것 같다.,"체류 기간이 길고, 여성이라서 대하기 편하다.","한국 체류 기간이 길고, 직업에 더 호감이 간다."
101151,3년 정도의 한국체류 기간이 있어서 잘 적응 할 것 같아서,조선노동당원이 아니라서,더 어리고 미혼이라서
101159,젊어서,한국내 체류 기간이 긴 젊은 여성이라서,젊은 여성으로 앞으로 한국 생활에 기대가 되어서
101167,남성,직업 젊어서,A나이가 어리다
101170,젊음,프르그래머,미혼
101174,한국인과의 교류,여성,믿음
101178,전문성 등 능력은 b가 나아 보이나 한국내 체류기간이 적어 상대적으로 체류기간이 긴 a가 사업체업무에 부응할 것으로 판단,한국인과의 교류,한국인과의 공감
101184,나이와 직업,한국내 체류기간이 상대적으로 길며 전문직업인이라는 점,중국체류기간이 짧고 한국내 체류기간이 보다 길며 결혼하여 가정적으로 안정된 점
101187,여성,가진 기술과 연륜,나이와  직업
101189,안정적,나이,한국체류기간
101194,컴퓨러를 잘 다루니까 무직보다는 용이함,안정적,안정적
101196,노동당원이 아니라서,여성이므로 같은 이성으로 동질감,노동당원이 아니고 지식인이어서
101201,자녀가 있고 젊음,의사라서,직업이있어서
101204,한국 체류기간이 길어 유리함,노동단원이 아니었고 한국체류기간이 길며 결혼해서 자녀가 있음,직업이 있는 여성
101215,연륜을택함,인맥관계가 더 좋다.,전 노동당 직원이 아님
101218,나이가 젊음,조건택함,많은활동을할수있음
101220,직업,한국 체류기간이 더 길어서,사회 경험이 더욱 풍부함
101228,노동당원이아니어서,직업 및 인간관계,직업
101230,인간관계가 좋아 보여서,노동당윈여부.중국체류기간,한국체류기간
101233,아이 있음,열심히 자립하고자 노력하는것으로 추정,공산당원이 아님
101236,한국내 체류기간이 길다,노동당원 아님,한국에 적응
101237,직업 선택이 쉽다.,한국내 체류기간,한국내 체류기간이 7년이 되어 한국 사회에 적음이 됨
101238,7년,자식을 위해서 어떻게든 정착하고 잘살것 같아요.,한국에 잘정착 할것같아서.
101239,직업으로 인해 아는 것이 많을 것 같아서,여성,거주 기간
101248,직업이 의사라서,뭔가 더 신뢰감이 가서,직업이 특수적이고 젊어서
101249,부양할 가족이 있어서,한국체류기간이 B 보다는 길다,한국내 거주기간이 B 보다 길다
101253,호감이 감,체류기간이 좀 있어서,한국 체류 기간이 길어 안정적이라 생각된다
101256,도와주어야 할것같아서,호감이 감,더 신뢰감이 감
101267,젊어서 좋다,중국체류기간이 짧아서,프로필 A는 너무어려서
101270,느낌,나이드신 분이 소통이 잘 될 것 같아,노동당원이 아니어서
101276,한국체류기간이 길어서,느낌,느낌
101279,중국 체류기간이 길다,당원이아님,한국에 체류기간이 길어서
101288,안정되보여서,한국내 체류기간이 길다,한국 체류기간이 길고 연륜이 있다
101289,자녀를 두어서 좀 더 경제적으로 도움이 될 것 같아서,노동당당원이아니어서,사회적지위
101290,결혼했고 자녀가 있고 능력이 있으니까,특별한 이유없이 느낌상.,전노동당원이 아니었고 한국을 좀 더 잘 알 것 같아서
101291,장기 체류기간과 기혼자,B가 A보다 한국 체류기간이 길어서,젊고 한국 체류기간이 길고 능력이 있어서
101296,직업이 있어야 한다 성실성,컴퓨터 전문직,젊은이
101297,나이가 젊어서,직업이 중요하다,3년동안 직업이 없으면 문제가 있다
101298,짧은 중국체류기간,나이가 더 있어서,여성이라서
101299,"여성이고, 의사여서",짧은 중국체류기간,쉽게 동화될 수 있는 친화력
101310,더 좋다,"의사이고, 젊어서",한국인 동료가 있어서
101318,전문직,더 좋다,더 좋다
101327,직업,전문직 가정의 안정,직업과 가정의 안정성
101328,체류기간이 길어서,의사,한국 체류 기간및 자녀
101332,같은 프로필 조건에서 의사가 우리나라에 필요,미혼이니까,적당하니까
101339,남자이고 국내체류기간,안정된 사회생활 적응,코로나19 시국에 의료진이 필요함
101344,믿을 수 있는 사람 같다,중국체류기간이 적음,노동당원이 아니래서
101350,현재 직업을 가지고 있어서 사업을 같이 하기에 조금 더 나을 것 같음,젊 은 사람 이고  한국에  도움이 될 것 같다,한국체류기간이 길어서 믿을 수 있다
101364,의사라는 직책,한국에서 생활지 좀 더 오래되어 한국 실정을 알 것 같아서,노동당원이 아님
101372,한국에 와서 의대를 나와 자기 일을 하면서 적응하며 살아가는 게 좋아서,국내체류기간 길음,한국내 체류기간이 길어 한국을 이해할것 같음
101380,한국체류기간이 길며 나름 컴퓨터에도 능하므로.,결혼하고 노동당원이 아니라서,한국내 체류 기간이 길고 연령대가  낮아서
101382,어려서 한국에 정착해서 한국사람들과 다를봐가 없어 보인다,"중국체류기간이 짧으며,한국체류기간이 길기때문.",체류기간이 길어서 한국내실정을 더 잘알거라 생각함.
101383,한국체류기간,한국사람과 차이가 없어 보인다,한국체류기간이 길어 적응기가 지나갔고 전문직이 가능할거 같다
101394,의사인 직업을 가진 사람은 필요하지 않을거 같아서,한국체류기간,나이가 변수
101398,특별히없다,한국체류기간이 길어서,중국체류기간이 짧고 한국인지인이 있고 인맥형성관계를 보면 괜찮은 사림인것 같아서
101408,능력,특별히없다,특별히없다
101409,나이가 많음,신뢰,위험
101419,한국사회 적응력,여성,사교성이 있는듯
101420,A가 B보다 젊고 한국 체류기간도 길어서 근무를 잘 할 것 같다,사회성,젊음
101423,북한 이탈기간이 더 길고 전문직이라,젊고 한국 체류기간이 길어서,한국체류 3년이면 한국물정을 이해할 수 있으므로
101432,종교.남성,북한이탈기간이 더 길어서,중국체류 기간이 더 길고 전문직이라
101442,한국 체류 기간이 길어서.,젊다,종교와비당원
101444,인간관계,연령과 체류 기간.,연령이 젊고. 경력을 보아서.
101447,젊고 어린시절에 탈북을 했기때문에 완전한 공산주의의 삶보다는 자본주의의 삶에 더 잘 적응할 수 있을 것 같아서,친한지인 있음,더 젊음
101448,자녀가 있으므로 믿음이 더 간다,어린시절 탈북을 했기때문에 사회에 적응을 더 잘 할 것 같아서,결혼하고 안정된 삶을 살고있을 것 같아서
101459,체류기간,아직 어리고 한국 체류기간이 길어 거의 한국인과 같은 느낌이 든다,탈북민과 한국인 모두 친분이 있어서
101461,미혼. 비노동당원,인맥,체류기간
101471,한국 체류기간이 길어서,젊다,젊다
101481,사회적 활동 가능,한국 체류기간이 길어서,한국인과 탈북민 동료가 모두 있어서
101488,인간관계,결혼이라는 형식으로 안정적일 것 같아서,특별한이유는 없음
101492,자녀도 있고 안정적인 가정을 가지고 있어서,여성,한국내 체류기간이 길어서
101499,경력사항,아직 나이는 어리지만 안정적인 가정을 가지고 있기 때문에,어느 정도 나이도 들었고 의사라는 직업을 충분히 사용할 수 있다고 판단됨
101508,젊어서,젊고경력,젊은이 미래
101511,컴퓨터 전문가,젊은 여성이라서 안전할 것 같아서,전 조선노동당원이 아님
101525,사무직 경험이 있어서,한국 적응기간,b는 나이가 어린데 이혼경력
101533,미혼이고 나이가 어린 사람이 일하는 데 더 필요할 것 같아서,B보다는 나아서,B보다는 나아서
101534,한국에 오래거주,의사인 직업을 가진 사람으로 노동당원이었다고 해서 A를 선택하지 않다 보니,현재 가지고 있는 직업이 확실해서 다른 일을 하는데도 크게 무리가 없을 듯
101540,무난함,의사,한국에 오래 거주했음
101545,최근 도착이므로 일자리에 대한 열정이 있을것 같다.,서로간 이해,추진력
101552,노동당원이 아니었어서,직업에 대한 호감도,A에게는 투표하고 싶지 않으므로
101559,직업여부,직업이 안정적이어서,한국에 체류를 오래 해서
101565,프로필B는 탈북민 동료만 있기 때문,직업군,인간적일것 같아서
101572,젊고 고급인력,한국 내 체류기간이 7년이다,한국 내 체류기간이 12년으로 더 길고 전 노동당원 경험이 있어서
101576,직업이 좋다,젊음,한국에 오래 살아서 적응이 빠륻ㄱㆍ
101594,대인관계가 좀 나을 것 같아서 입니다.,직업이 좋다,직업
101595,나이가 젊어 더 빨리 한국에 정착할 것 같다.,년령 대가 비슷해 이웃하기 좋을 것 같습니다.,직장이 있으므로 동료와의 협력관계가 좋을 것 같아서요.
101602,좀 더 안정적,탈북 후 아직 무직이면 남한에 적응하는 데 실패한 것 같다.,인간관계를 볼때 한국에 더 빨리 적응할 것 같다.
101612,어림,보다 신뢰성 있음,안정적
101613,한국인 사상이 강한 것 같아서,이혼,이혼
101616,여성의 섬세함이 꼭 필요해서요,남한 사상이 강한 것 같아서,프로필 A는 아직 북한 사상이 강한 것 같아서
101621,조선노동당원이 아니라서,대인관계가 좋은 사람이라서요,젊은 사람들이 정치를 하면 좋을 듯해서요
101639,나이,한국에 체류한 기간이 길어서,한국 체류기간이 더 길어서 선택
101644,당 간부가 아니었다.,여성,의사
101659,결혼,미혼,젊은 나이
101670,호감,의사,체류기간
101679,정착 기간이 길어서 한국 사회에 적응 됐을법함,호감도,호감이감
101691,한국에 체류기간이 더 길어 사무에  익숙할것 같다,그 나이 정도면 정착해서 안정된 사람 일것 같음,중국 체류 기간이 짧다
101694,최근에 도착한 사람으로 앞으로의 나아갈 방향이 열려 있음,같은 여성이라서,의사가 더 정치 감각이 있을 것 같아
101698,"사무직 경험 있고, 아직 나이가 있음. 한국 경험도 더 많음. 노동당원도 아니었음.",아직 미혼이라 사회적역량이 크지 않으나 결혼 후에는 더 확장될가능성이 있음,대인관계에있어 편향적이지 않다
101699,없음,친화력이 더 있어보임.,친화력과 지식이 더 있어 보임.
101700,연륜이 있다,없음,없음
101710,체류기간이 긴 전문직,결혼을 했다,직업이 있다
101712,나이가젊어서,중국체류기간이 길어서,한국체류기간이 긴 전문직
101714,연령,좀더무난할것같아서,한국내체류기간이길기때문에
101748,체류,오랜체류기간으로 안정적,친화력
101753,b보단 남,체류,체류기간
101757,여성 이라서,b보다 남,b보단 나음
101776,젊고 가정을 돌보는 사람,당원이 아니라서,한국체류기간이 길다
101781,전문직 직업 부분이 선택한 이유,가정을 이루고 있음,어울림이 가능한 사람
101798,직업이 필요한 상황,혼인관계 여부를 보고 선택함,조선노동당원이 아니였다는 이유로 선택함
101817,한국실정을 어느정도 알고 있기 때문에,한국내 체류기간이 길어서,연륜이 있어서
101818,한국민과 탈북민 모두 함께 해서 소통하기 더 좋아보임,한국에 오래 살아서,나이가 어느정도 있기 때문에
101819,한국 내 체류기간이 3년 이라서,소통이 잘 될 것 같음,인재로 키울 수 있어서요
101840,인간관계,중국 체류기간이 3년 이라서,한국 내 체류기간이 7년 이라서
101843,경험,인간관계,인간관계
101865,여성이고 프로그래머여서 도움이 될 것 같아서,나이,문하적인잏해
101874,의사직업,둘 다 비슷한데 한국 체류기간이 좀 더 길어서,친한 지인이 있다는 건 한국 사회에 적응이 되었다고 생각 됨
101907,결혼했응스로,의사,한구커주기간이 길다
101923,연령이 맞아서,한국을더잘알것같다,나이가많고남성이다
101934,의사라 직장에 잘 적응할 거 같아서,인간관계가 더 넓다,연령이 맞아서
102007,이 나이에 적합,젊은 사람이라 한국 사회에 잘 이해할 거 같아서,전 노동당원이 아니여서
102036,의사,매우 좋은,이 나이에 적합
102050,여성으로서 결혼하고 의사직업을 가지고 있어서,12년,탈북한지 1주라서
102085,신뢰간다,가족을 부양하며 열심히 사는 모습,"직업유, 결혼유"
102094,컴퓨터프로그래머기때문에,신뢰가서,젊어서
102130,젊어서,전 조선노동당 당원이아니여서,젊기 때문에 공산주의 사상에서 벗어나기 쉬울것같아서
102181,나이,한국채류가 길어서,한국내 체류기간이 더길어서
102268,전공직업있음,직업,직업
102311,중국체류기간,교우관계가 원만해서,자가독립정신
102326,한국 내 체류 기간이 길어서 적응을 잘하고 있을 거 같아서,노동당원아님,노동당원 중국체류기관
102333,한국내 체류기간,젊은사람,젊어서
102378,약사라서,한국 체류시간도 길고 한국인 동료가 있어서,젊어서
102394,나이가 더 어려 일을 잘할것같다,전노동당원이 아닌점,인맥과 직업이 안심이 든다
102396,한국체류기간이길어서,직업이좋아서 믿음이간다,둘다 별로인대 그래도 직업이 좋아보이네요
102398,성실할거 같음,한국 친구가있어서,한국체류기간이길어서
102427,직업,노동당원 아닌 사람,이슬람은 여성이 안전하다
102442,젊고 친구가 많다,직업,나이가 있으니 경험이 낫지 않을까 생각한다
102443,인간관계,직업이있고 여성,한국체류기간이 길고 여성
102493,18세는 의사로서 경험이 부족해서 채용하기 망설여짐,나이,한국인동료
102534,직업이 좋다,문제 없어요,문제 없어요
102536,없어용,직업,연령이 낮아서
102555,활용성이 보임,내 생각이에요.,내 생각입니다.
102559,전문직이 아니라,정착할 가능성이 높아서,능력이 검정됨
102614,여성,전문직업이 있어서,탈북민 동료가 없어서
102698,이혼 남성보다 결혼 여성이 믿음이 감,없음,없음
102703,젊은사람이.개방적이다,한국 내 체류기간이 긴 A가 안전함,편의점 직원보다 사무직 직원이 더 신뢰가 가서
102717,여자,나이차이가 적어서,지식이 어느정도잇어야 귣민을설득함
102730,한국 내 체류기간,의사라서,열심히 사는것같아서
102785,온지 얼마안되도  사회성이 있어보여서,연령에 따른 경륜이 많아서,"경력이 풍부하며, 직업이 신뢰도가 높음"
102800,컴퓨터프로그래머라 할일이 많을듯,사회성이 좋을것 같아서,결혼도했고  사회성도 좋아 보여서
102819,너무 젊은 나이보다 성실하게 일을 할 것 같음,결혼을 했기때문,나이가 좀 있으셔서 연륜이 있을거 같아서
102891,나이가 적당해서,괜찮아보여서,괜찮아보여서
102980,좀 더 한국정서와 어울린듯 하다,편의점 직원,젊은이
102990,한국내 체류기간이 길어서,비밓,제 상황과 같아서
103000,한국인 동료가 있음,이유없어,중립
103001,별로,"결혼,  친한 지인 있음",한국인동료만  있음
103021,,이융 없다,노동당원이 아니라서
103027,,,
